"Profile Name","Country","Utc Title Add Date","Title Name"
"Henri","France","2025-07-13","SAKAMOTO DAYS"
"Henri","France","2025-06-22","Oppenheimer"
"Okona","France","2025-06-03","True Beauty"
"Okona","France","2025-06-03","Next Gen"
"Okona","France","2025-06-03","Tokyo Override"
"Henri","France","2025-05-31","Lost in Starlight"
"Henri","France","2025-05-22","Bet"
"Henri","France","2025-05-11","Astérix & Obélix: The Middle Kingdom"
"Henri","France","2025-04-20","Asterix & Obelix: The Big Fight"
"Henri","France","2025-04-20","The Rose of Versailles"
"Okona","France","2025-04-13","Aquaman"
"Henri","France","2025-04-11","Ghosts"
"Okona","France","2025-04-09","Fantastic Beasts: The Secrets of Dumbledore"
"Okona","France","2025-04-09","Ghosts"
"Istiliguiliguili","France","2025-04-07","Money Heist"
"Istiliguiliguili","France","2025-04-07","Breaking Bad"
"Istiliguiliguili","France","2025-04-07","Young Sheldon"
"Okona","France","2025-04-07","Geek Girl"
"Henri","France","2025-04-05","WITCH WATCH"
"Okona","France","2025-03-30","Adolescence"
"Henri","France","2025-03-25","WITCH WATCH"
"Henri","France","2025-03-25","Total Recall"
"Okona","France","2025-03-15","Spy Kids: Armageddon"
"Okona","France","2025-03-15","The SpongeBob Movie: Sponge on the Run"
"Okona","France","2025-03-15","Peter Rabbit"
"Okona","France","2025-03-15","Monster High 2"
"Okona","France","2025-03-15","Monster High: The Movie"
"Okona","France","2025-03-15","LoliRock"
"Henri","France","2025-03-14","The Electric State"
"Okona","France","2025-03-12","Miss Peregrine's Home for Peculiar Children"
"Henri","France","2025-03-01","Rick and Morty"
"Istiliguiliguili","France","2025-02-27","Cold Case: Who Killed JonBenét Ramsey"
"Henri","France","2025-02-27","Puniru Is a Cute Slime"
"Istiliguiliguili","France","2025-02-27","American Manhunt: The Boston Marathon Bombing"
"Istiliguiliguili","France","2025-02-27","American Murder: Gabby Petito"
"Okona","France","2025-02-26","Cardcaptor Sakura"
"Okona","France","2025-02-26","The Office (U.S.)"
"Okona","France","2025-02-26","Puniru Is a Cute Slime"
"Istiliguiliguili","France","2025-02-25","Spy Ops"
"Istiliguiliguili","France","2025-02-25","Conversations with a Killer: The John Wayne Gacy Tapes"
"Istiliguiliguili","France","2025-02-25","Captive"
"Istiliguiliguili","France","2025-02-25","Monique Olivier: Accessory to Evil"
"Henri","France","2025-02-25","Young Sheldon"
"Istiliguiliguili","France","2025-02-25","The Outreau Case: A French Nightmare"
"Henri","France","2025-01-30","The Boy and the Heron"
"Okona","France","2025-01-19","The Boy in the Striped Pajamas"
"Okona","France","2025-01-19","Brain on Fire"
"Okona","France","2025-01-19","All The Bright Places"
"Henri","France","2025-01-14","SAKAMOTO DAYS"
"Henri","France","2025-01-14","【OSHI NO KO】"
"Henri","France","2025-01-14","URUSEIYATSURA"
"Okona","France","2024-12-12","【OSHI NO KO】"
"Okona","France","2024-11-28","The Empress"
"Okona","France","2024-11-28","Deck the Halls"
"Okona","France","2024-11-28","Spellbound"
"Henri","France","2024-11-26","A Nonsense Christmas with Sabrina Carpenter"
"Henri","France","2024-11-26","【OSHI NO KO】"
"Henri","France","2024-11-26","Jentry Chau vs the Underworld"
"Okona","France","2024-11-21","A Man on the Inside"
"Okona","France","2024-11-12","Extraordinary Attorney Woo"
"Okona","France","2024-10-29","Gifted Hands: The Ben Carson Story"
"Henri","France","2024-10-18","Dynasty"
"Henri","France","2024-10-15","Geek Girl"
"Henri","France","2024-10-15","Represent"
"Okona","France","2024-09-29","Ruby Gillman, Teenage Kraken"
"Henri","France","2024-09-14","Emily in Paris"
"Henri","France","2024-09-14","Uglies"
"Henri","France","2024-07-31","The Imaginary"
"Henri","France","2024-07-31","KAOS"
"Henri","France","2024-07-31","Reminiscence"
"Henri","France","2024-07-31","Leviathan"
"Henri","France","2024-07-24","Saving Bikini Bottom: The Sandy Cheeks Movie"
"Okona","France","2024-07-08","Jumanji: The Next Level"
"Okona","France","2024-07-08","The Super Mario Bros. Movie"
"Okona","France","2024-07-08","Beverly Hills Cop III"
"Okona","France","2024-07-08","Beverly Hills Cop: Axel F"
"Okona","France","2024-07-08","Family Switch"
"Okona","France","2024-07-08","Ice Age: Dawn of the Dinosaurs"
"Okona","France","2024-07-08","Beverly Hills Cop II"
"Henri","France","2024-07-08","The Super Mario Bros. Movie"
"Okona","France","2024-07-08","Beverly Hills Cop"
"Okona","France","2024-07-08","Orion and the Dark"
"Okona","France","2024-06-20","Miraculous World: New York, United Heroez"
"Okona","France","2024-06-20","Ice Age: Collision Course"
"Okona","France","2024-06-20","Sonic the Hedgehog"
"Okona","France","2024-06-20","Avatar: The Last Airbender"
"Okona","France","2024-06-20","Puss in Boots: The Last Wish"
"Okona","France","2024-06-20","GTO: Great Teacher Onizuka"
"Okona","France","2024-05-16","Special Section"
"Okona","France","2024-05-16","My Oni Girl"
"Okona","France","2024-05-16","The Umbrella Academy"
"Okona","France","2024-04-03","SPY x FAMILY"
"Okona","France","2024-04-03","Delicious in Dungeon"
"Okona","France","2024-03-18","Monk"
"Henri","France","2024-02-11","City Hunter"
"Henri","France","2024-02-11","Squid Game"
"Henri","France","2024-02-11","From Me to You: Kimi ni Todoke"
"Henri","France","2024-02-11","Family Pack"
"Henri","France","2024-02-11","Exploding Kittens"
"Henri","France","2024-02-11","Avatar The Last Airbender"
"Henri","France","2024-02-11","Blood of Zeus"
"Henri","France","2024-02-11","Dead Boy Detectives"
"Henri","France","2024-02-11","Einstein and the Bomb"
"Henri","France","2024-01-12","Delicious in Dungeon"
"Henri","France","2023-12-28","Pokémon Concierge"
"Henri","France","2023-12-20","You Don't Mess with the Zohan"
"Henri","France","2023-12-18","​Carol & The End of The World"
"Henri","France","2023-12-15","Chicken Run: Dawn of the Nugget"
"Okona","France","2023-11-05","Stuck Together"
"Okona","France","2023-11-05","School Life"
"Okona","France","2023-11-05","War of the Buttons"
"Okona","France","2023-11-05","Tomboy"
"Henri","France","2023-10-23","Bodies"
"Henri","France","2023-10-22","Adventure Time"
"Henri","France","2023-10-22","Rick and Morty"
"Henri","France","2023-10-22","PLUTO"
"Henri","France","2023-10-22","Monster High: The Movie"
"Henri","France","2023-10-22","Scott Pilgrim Takes Off"
"Okona","France","2023-10-18","Alice in Borderland"
"Okona","France","2023-10-04","Space Force"
"Okona","France","2023-10-01","Pom Poko"
"Okona","France","2023-10-01","Earwig and the Witch"
"Okona","France","2023-10-01","Only Yesterday"
"Okona","France","2023-10-01","Kotaro Lives Alone"
"Okona","France","2023-10-01","The Powerpuff Girls"
"Okona","France","2023-10-01","Nausicaä of the Valley of the Wind"
"Okona","France","2023-10-01","Tales from Earthsea"
"Okona","France","2023-10-01","Arrietty"
"Okona","France","2023-10-01","Little Women"
"Henri","France","2023-09-09","Mask Girl"
"Okona","France","2023-08-18","Heart of Stone"
"Okona","France","2023-07-10","Scoob!"
"Okona","France","2023-07-10","Little Spirou"
"Okona","France","2023-07-10","Sing 2"
"Henri","France","2023-07-03","Ace Ventura: Pet Detective"
"Henri","France","2023-06-13","Dolittle"
"Henri","France","2023-05-30","Titans"
"Henri","France","2023-05-17","Fantastic Mr. Fox"
"Okona","France","2023-05-15","Interstellar"
"Okona","France","2023-05-15","Catch Me If You Can"
"Okona","France","2023-05-15","Ginny & Georgia"
"Okona","France","2023-05-15","Gifted Hands: The Ben Carson Story"
"Okona","France","2023-05-15","The Green Mile"
"Okona","France","2023-05-15","The Half Of It"
"Okona","France","2023-04-11","Chupa"
"Okona","France","2023-03-14","Cowboy Bebop"
"Okona","France","2023-03-12","Atypical"
"Okona","France","2023-02-26","Raising Dion"
"Okona","France","2023-02-26","Anne with an E"
"Okona","France","2023-02-26","Fatherhood"
"Henri","France","2023-01-20","Warcraft"
"Henri","France","2022-12-16","Gudetama: An Eggcellent Adventure"
"Henri","France","2022-11-20","Slumberland"
"Henri","France","2022-10-08","Oddballs"
"Okona","France","2022-10-07","Detective Conan"
"Okona","France","2022-10-07","Ratz"
"Okona","France","2022-10-07","The Adventures of Tintin"
"Okona","France","2022-10-07","Yu-Gi-Oh!"
"Okona","France","2022-10-07","Pokémon The Series: Indigo League"
"Henri","France","2022-09-07","Bee and PuppyCat"
"Henri","France","2022-08-18","Tekken: Bloodline"
"Henri","France","2022-07-05","Detective Conan: Zero’s Tea Time"
"Henri","France","2022-06-30","Spider-Man: Into the Spider-Verse"
"Henri","France","2022-05-18","The Pentaverate"
"Okona","France","2022-05-03","The Cat Returns"
"Okona","France","2022-05-03","Air Buddies"
"Okona","France","2022-05-03","Space Goofs"
"Okona","France","2022-05-03","Carmen Sandiego"
"Okona","France","2022-05-03","My Neighbor Totoro"
"Okona","France","2022-05-03","Scooby-Doo"
"Okona","France","2022-05-03","Benji"
"Okona","France","2022-05-03","SpongeBob SquarePants"
"Okona","France","2022-05-03","Scooby-Doo 2: Monsters Unleashed"
"Okona","France","2022-05-03","Code Lyoko"
"Okona","France","2022-05-03","Storks"
"Okona","France","2022-05-03","Howl’s Moving Castle"
"Okona","France","2022-05-03","Dragon Quest Your Story"
"Okona","France","2022-05-03","My Babysitter's a Vampire"
"Okona","France","2022-05-03","Casper"
"Okona","France","2022-05-02","My Hero Academia"
"Okona","France","2022-05-02","Bubble"
"Okona","France","2022-05-02","Toradora!"
"Okona","France","2022-05-02","Violet Evergarden: Eternity and the Auto Memory Doll"
"Okona","France","2022-05-02","Violet Evergarden the Movie"
"Henri","France","2022-04-17","Bigbug"
"Henri","France","2022-03-28","Thermae Romae Novae"
"Henri","France","2022-03-13","Kotaro Lives Alone"
"Henri","France","2022-03-12","Get Smart"
"Henri","France","2022-03-12","The Adam Project"
"Okona","France","2022-02-02","Princess Sarah"
"Okona","France","2022-02-02","Demon Slayer: Kimetsu no Yaiba"
"Henri","France","2022-01-10","Pokémon: Mewtwo Strikes Back - Evolution"
"Henri","France","2022-01-09","Don't Look Up"
"Okona","France","2021-12-02","Sweet Tooth"
"Okona","France","2021-12-02","Arcane"
"Okona","France","2021-12-02","Lupin"
"Okona","France","2021-12-02","Supergirl"
"Henri","France","2021-11-18","City Hunter: .357 Magnum"
"Henri","France","2021-11-18","Grave of the Fireflies"
"Henri","France","2021-11-18","Whisper of the Heart"
"Henri","France","2021-11-18","Violet Evergarden: Eternity and the Auto Memory Doll"
"Henri","France","2021-11-18","NiNoKuni"
"Henri","United States","2021-10-26","The Magicians"
"Henri","France","2021-09-16","Detective Conan"
"Henri","France","2021-09-13","My Little Pony: A New Generation"
"Henri","France","2021-09-13","Squid Game"
"Henri","France","2021-09-02","Q-Force"
"Henri","France","2021-08-27","R.I.P.D."
"Henri","France","2021-08-26","EDENS ZERO"
"Henri","France","2021-08-21","The SpongeBob Movie: Sponge Out of Water"
"Henri","France","2021-08-10","SHAMAN KING"
"Henri","France","2021-07-29","Myth & Mogul: John DeLorean"
"Henri","France","2021-07-14","Centaurworld"
"Henri","France","2021-07-09","Close Enough"
"Henri","France","2021-07-04","Sweet Tooth"
"Henri","France","2021-07-04","Locke & Key"
"Henri","France","2021-07-03","Yu Yu Hakusho: Ghost Files"
"Henri","France","2021-06-19","Record of Ragnarok"
"Henri","France","2021-05-16","Masters of the Universe: Revelation"
"Henri","France","2021-05-16","Pretty Guardian Sailor Moon Eternal The Movie"
"Henri","France","2021-05-16","StartUp"
"Okona","France","2021-05-09","The Mitchells vs. The Machines"
"Henri","France","2021-03-26","Black Mirror"
"Okona","France","2021-02-20","BEASTARS"
"Henri","France","2021-02-11","Kipo and the Age of Wonderbeasts"
"Henri","France","2021-02-11","LoliRock"
"Henri","France","2021-01-25","Fate: The Winx Saga"
"Henri","France","2021-01-11","Lupin"
"Henri","France","2021-01-07","History of Swear Words"
"Henri","France","2020-12-22","Headspace Guide to Meditation"
"Henri","France","2020-12-13","Alice in Borderland"
"Henri","France","2020-11-25","Great Pretender"
"Henri","France","2020-11-08","The SpongeBob Movie: Sponge on the Run"
"Henri","France","2020-10-28","Blood of Zeus"
"Henri","France","2020-10-24","La Révolution"
"Henri","France","2020-10-03","La Révolution"
"Henri","France","2020-09-26","Monty Python's Life of Brian"
"Henri","France","2020-09-26","The Babysitter"
