"Profile Name","Country","Playback Start Utc Ts","Playtraces","Title Description","Device"
"Okona","FR","2025-08-23 23:19:34","[{""eventType"":""start"",""sessionOffsetMs"":0,""mediaOffsetMs"":458207},{""eventType"":""playing"",""sessionOffsetMs"":2986,""mediaOffsetMs"":458207},{""eventType"":""paused"",""sessionOffsetMs"":4168,""mediaOffsetMs"":459388},{""eventType"":""stopped"",""sessionOffsetMs"":46634,""mediaOffsetMs"":459388}]","A Man on the Inside: Season 1: ""Tinker Tailor Older Spy""","Google Sabrina ATV Set Top Box"
"Okona","FR","2025-08-23 19:39:23","[{""eventType"":""start"",""sessionOffsetMs"":0,""mediaOffsetMs"":0},{""eventType"":""playing"",""sessionOffsetMs"":4334,""mediaOffsetMs"":0},{""eventType"":""paused"",""sessionOffsetMs"":225153,""mediaOffsetMs"":220823},{""eventType"":""playing"",""sessionOffsetMs"":457204,""mediaOffsetMs"":220823},{""eventType"":""paused"",""sessionOffsetMs"":656711,""mediaOffsetMs"":420297},{""eventType"":""reposition"",""sessionOffsetMs"":678767,""mediaOffsetMs"":418793},{""eventType"":""playing"",""sessionOffsetMs"":680256,""mediaOffsetMs"":418793},{""eventType"":""paused"",""sessionOffsetMs"":722212,""mediaOffsetMs"":460723},{""eventType"":""stopped"",""sessionOffsetMs"":1329227,""mediaOffsetMs"":460723}]","A Man on the Inside: Season 1: ""Tinker Tailor Older Spy""","Google Sabrina ATV Set Top Box"
"Okona","FR","2025-08-23 19:39:22","[{""eventType"":""start"",""sessionOffsetMs"":0,""mediaOffsetMs"":0},{""eventType"":""stopped"",""sessionOffsetMs"":1306,""mediaOffsetMs"":0}]","Season 1 Clip 7: A Man on the Inside","Google Sabrina ATV Set Top Box"
"Okona","FR","2025-08-23 19:39:22","[{""eventType"":""start"",""sessionOffsetMs"":0,""mediaOffsetMs"":0},{""eventType"":""stopped"",""sessionOffsetMs"":1274,""mediaOffsetMs"":0}]","Ghosts: Season 1_hook_05_16x9","Google Sabrina ATV Set Top Box"
"Okona","FR","2025-08-23 19:39:10","[{""eventType"":""start"",""sessionOffsetMs"":0,""mediaOffsetMs"":0},{""eventType"":""stopped"",""sessionOffsetMs"":1709,""mediaOffsetMs"":0}]","Sherlock: Series 1_hook_primary_16x9_backfill","Google Sabrina ATV Set Top Box"
"Okona","FR","2025-08-23 19:39:04","[{""eventType"":""start"",""sessionOffsetMs"":0,""mediaOffsetMs"":0},{""eventType"":""stopped"",""sessionOffsetMs"":1223,""mediaOffsetMs"":0}]","Trailer: Cozy Grove: Camp Spirit","Google Sabrina ATV Set Top Box"
"Okona","FR","2025-08-23 19:39:02","[{""eventType"":""start"",""sessionOffsetMs"":0,""mediaOffsetMs"":460},{""eventType"":""stopped"",""sessionOffsetMs"":1145,""mediaOffsetMs"":460}]","Trailer: Cozy Grove: Camp Spirit","Google Sabrina ATV Set Top Box"
"Okona","FR","2025-08-23 19:39:00","[{""eventType"":""start"",""sessionOffsetMs"":0,""mediaOffsetMs"":0},{""eventType"":""playing"",""sessionOffsetMs"":1887,""mediaOffsetMs"":0},{""eventType"":""paused"",""sessionOffsetMs"":2347,""mediaOffsetMs"":460},{""eventType"":""stopped"",""sessionOffsetMs"":3653,""mediaOffsetMs"":460}]","House, M.D.: Season 1_hook_primary_16x9_backfill","Google Sabrina ATV Set Top Box"
"Okona","FR","2025-08-23 19:38:58","[{""eventType"":""start"",""sessionOffsetMs"":0,""mediaOffsetMs"":0},{""eventType"":""stopped"",""sessionOffsetMs"":2273,""mediaOffsetMs"":0}]","Genre Specific Moment Clip: Family Switch","Google Sabrina ATV Set Top Box"
"Okona","FR","2025-08-23 19:38:56","[{""eventType"":""start"",""sessionOffsetMs"":0,""mediaOffsetMs"":0},{""eventType"":""stopped"",""sessionOffsetMs"":2409,""mediaOffsetMs"":0}]","The Truman Show_hook_primary_16x9_backfill","Google Sabrina ATV Set Top Box"
"Okona","FR","2025-08-23 19:38:52","[{""eventType"":""start"",""sessionOffsetMs"":0,""mediaOffsetMs"":0},{""eventType"":""stopped"",""sessionOffsetMs"":1787,""mediaOffsetMs"":0}]","L'élève Ducobu_hook_02","Google Sabrina ATV Set Top Box"
"Okona","FR","2025-08-23 19:38:51","[{""eventType"":""start"",""sessionOffsetMs"":0,""mediaOffsetMs"":0},{""eventType"":""stopped"",""sessionOffsetMs"":1551,""mediaOffsetMs"":0}]","Sherlock: Series 1_hook_primary_16x9_backfill","Google Sabrina ATV Set Top Box"
"Okona","FR","2025-08-23 19:38:47","[{""eventType"":""start"",""sessionOffsetMs"":0,""mediaOffsetMs"":0},{""eventType"":""playing"",""sessionOffsetMs"":2210,""mediaOffsetMs"":0},{""eventType"":""paused"",""sessionOffsetMs"":4163,""mediaOffsetMs"":1989},{""eventType"":""stopped"",""sessionOffsetMs"":5473,""mediaOffsetMs"":1978}]","The Office (U.S.): Season 1 - CLM 1","Google Sabrina ATV Set Top Box"
"Okona","FR","2025-08-23 19:38:44","[{""eventType"":""start"",""sessionOffsetMs"":0,""mediaOffsetMs"":0},{""eventType"":""playing"",""sessionOffsetMs"":2650,""mediaOffsetMs"":0},{""eventType"":""paused"",""sessionOffsetMs"":3459,""mediaOffsetMs"":836},{""eventType"":""stopped"",""sessionOffsetMs"":4800,""mediaOffsetMs"":836}]","Limited Series Clip 4: Asterix & Obelix: The Big Fight","Google Sabrina ATV Set Top Box"
"Okona","FR","2025-08-23 19:38:43","[{""eventType"":""start"",""sessionOffsetMs"":0,""mediaOffsetMs"":0},{""eventType"":""stopped"",""sessionOffsetMs"":1882,""mediaOffsetMs"":0}]","Season 2 Part 2 Trailer: Wednesday","Google Sabrina ATV Set Top Box"
"Okona","FR","2025-08-23 19:38:42","[{""eventType"":""start"",""sessionOffsetMs"":0,""mediaOffsetMs"":1681},{""eventType"":""stopped"",""sessionOffsetMs"":1542,""mediaOffsetMs"":1681}]","Season 2 Teaser: Wednesday","Google Sabrina ATV Set Top Box"
"Henri","FR","2025-08-23 19:38:03","[{""eventType"":""start"",""sessionOffsetMs"":20537,""mediaOffsetMs"":0},{""eventType"":""playing"",""sessionOffsetMs"":20986,""mediaOffsetMs"":0},{""eventType"":""paused"",""sessionOffsetMs"":22663,""mediaOffsetMs"":1681},{""eventType"":""stopped"",""sessionOffsetMs"":23874,""mediaOffsetMs"":1657}]","SAKAMOTO DAYS: Season 1: ""Overload""","Google Sabrina ATV Set Top Box"
"Henri","FR","2025-08-23 19:38:00","[{""eventType"":""start"",""sessionOffsetMs"":0,""mediaOffsetMs"":0},{""eventType"":""playing"",""sessionOffsetMs"":2519,""mediaOffsetMs"":0},{""eventType"":""paused"",""sessionOffsetMs"":3608,""mediaOffsetMs"":1102},{""eventType"":""stopped"",""sessionOffsetMs"":4933,""mediaOffsetMs"":1037}]","SAKAMOTO DAYS: Season 1: ""Overload""","Google Sabrina ATV Set Top Box"
"Henri","FR","2025-08-23 19:37:57","[{""eventType"":""start"",""sessionOffsetMs"":0,""mediaOffsetMs"":0},{""eventType"":""stopped"",""sessionOffsetMs"":3096,""mediaOffsetMs"":0}]","Season 1 Part 2 Trailer 2: SAKAMOTO DAYS","Google Sabrina ATV Set Top Box"
"Henri","FR","2025-08-23 19:37:56","[{""eventType"":""start"",""sessionOffsetMs"":0,""mediaOffsetMs"":0},{""eventType"":""stopped"",""sessionOffsetMs"":2868,""mediaOffsetMs"":0}]","Astérix & Obélix: The Middle Kingdom","Google Sabrina ATV Set Top Box"
"Henri","FR","2025-08-23 19:37:55","[{""eventType"":""start"",""sessionOffsetMs"":0,""mediaOffsetMs"":88421},{""eventType"":""stopped"",""sessionOffsetMs"":1979,""mediaOffsetMs"":88421}]","Trailer: Astérix & Obélix: The Middle Kingdom","Google Sabrina ATV Set Top Box"
"Henri","FR","2025-08-23 19:37:54","[{""eventType"":""start"",""sessionOffsetMs"":0,""mediaOffsetMs"":0},{""eventType"":""stopped"",""sessionOffsetMs"":1618,""mediaOffsetMs"":0}]","Trailer: Astérix & Obélix: The Middle Kingdom","Google Sabrina ATV Set Top Box"
"Henri","FR","2025-08-23 19:37:50","[{""eventType"":""start"",""sessionOffsetMs"":0,""mediaOffsetMs"":0},{""eventType"":""stopped"",""sessionOffsetMs"":1618,""mediaOffsetMs"":0}]","Season 2 Part 2 Clip: The Sandman","Google Sabrina ATV Set Top Box"
"Henri","FR","2025-08-23 19:37:49","[{""eventType"":""start"",""sessionOffsetMs"":0,""mediaOffsetMs"":0},{""eventType"":""stopped"",""sessionOffsetMs"":1442,""mediaOffsetMs"":0}]","Season 1 Part 2 Trailer 2: SAKAMOTO DAYS","Google Sabrina ATV Set Top Box"
"Henri","FR","2025-08-23 19:37:47","[{""eventType"":""start"",""sessionOffsetMs"":0,""mediaOffsetMs"":0},{""eventType"":""stopped"",""sessionOffsetMs"":1801,""mediaOffsetMs"":0}]","Season 2 Part 2 Clip: The Sandman","Google Sabrina ATV Set Top Box"
"Henri","FR","2025-08-23 19:36:52","[{""eventType"":""start"",""sessionOffsetMs"":0,""mediaOffsetMs"":0},{""eventType"":""playing"",""sessionOffsetMs"":2011,""mediaOffsetMs"":0},{""eventType"":""paused"",""sessionOffsetMs"":55198,""mediaOffsetMs"":53213},{""eventType"":""stopped"",""sessionOffsetMs"":55618,""mediaOffsetMs"":53213}]","Season 2 Part 2 Trailer: Wednesday","Google Sabrina ATV Set Top Box"
"Henri","FR","2025-08-23 19:36:51","[{""eventType"":""start"",""sessionOffsetMs"":0,""mediaOffsetMs"":1117},{""eventType"":""stopped"",""sessionOffsetMs"":1379,""mediaOffsetMs"":1117}]","Season 2 Part 2 Clip: The Sandman","Google Sabrina ATV Set Top Box"
"Henri","FR","2025-08-23 19:36:48","[{""eventType"":""start"",""sessionOffsetMs"":0,""mediaOffsetMs"":0},{""eventType"":""playing"",""sessionOffsetMs"":2658,""mediaOffsetMs"":0},{""eventType"":""paused"",""sessionOffsetMs"":3755,""mediaOffsetMs"":1117},{""eventType"":""stopped"",""sessionOffsetMs"":5271,""mediaOffsetMs"":1117}]","Season 2 Part 2 Trailer: Wednesday","Google Sabrina ATV Set Top Box"
"Henri","FR","2025-08-23 19:36:43","[{""eventType"":""start"",""sessionOffsetMs"":3516,""mediaOffsetMs"":0},{""eventType"":""playing"",""sessionOffsetMs"":5047,""mediaOffsetMs"":0},{""eventType"":""paused"",""sessionOffsetMs"":5468,""mediaOffsetMs"":421},{""eventType"":""stopped"",""sessionOffsetMs"":7342,""mediaOffsetMs"":421}]","Season 2 Teaser: Wednesday","Google Sabrina ATV Set Top Box"
