"Profile Name","Device Model","Star Value","Rating Type","Title Name","Thumbs Value","Event Utc Ts","Region View Date"
"Okona","Set Top Box","","thumb","Asterix & Obelix: The Big Fight","3","2025-05-14 20:30:31",""
"Henri","Set Top Box","","thumb","Asterix & Obelix: The Big Fight","3","2025-05-08 22:23:01",""
"Henri","Set Top Box","","thumb","Young Sheldon","2","2025-04-06 12:19:59",""
"Henri","Android Phone","","thumb","SAKAMOTO DAYS","3","2025-01-17 14:19:34",""
"Okona","Set Top Box","","thumb","The Good Place","3","2024-12-27 11:38:42",""
"Okona","Set Top Box","","thumb","The Office (U.S.)","3","2024-12-15 21:00:45",""
"Henri","Set Top Box","","thumb","Geek Girl","2","2024-10-18 19:28:54",""
"Okona","Set Top Box","","thumb","Sherlock","3","2024-10-14 21:36:26",""
"Okona","Set Top Box","","thumb","Anne with an E","3","2024-09-16 21:51:33",""
"Henri","Set Top Box","","thumb","The Umbrella Academy","3","2024-07-31 19:45:13",""
"Henri","Set Top Box","","thumb","The Super Mario Bros. Movie","3","2024-07-10 20:43:18",""
"Henri","Set Top Box","","thumb","BoJack Horseman","3","2023-09-11 20:59:50",""
"Henri","Set Top Box","","thumb","Violet Evergarden","2","2023-09-11 20:57:32",""
"Henri","Set Top Box","","thumb","Neon Genesis Evangelion","2","2023-09-11 20:56:43",""
"Okona","Set Top Box","","thumb","The Mitchells vs. The Machines","3","2023-06-06 19:58:15",""
"Henri","Set Top Box","","thumb","Slumberland","3","2022-12-31 22:00:55",""
"Henri","Set Top Box","","thumb","Gudetama: An Eggcellent Adventure","0","2022-12-16 11:56:17",""
"Henri","HTML 5","","thumb","Rick and Morty","2","2022-11-04 15:53:47",""
"Okona","Set Top Box","","thumb","Next Gen","2","2022-06-03 21:24:29",""
"Henri","Set Top Box","","thumb","The Pentaverate","3","2022-05-18 20:55:17",""
"Okona","Set Top Box","","thumb","Princess Sarah","0","2022-05-02 01:13:40",""
"Henri","Set Top Box","","thumb","The Office (U.S.)","3","2022-04-12 20:51:34",""
"Henri","Set Top Box","","thumb","The Big Bang Theory","2","2022-01-12 12:54:33",""
"Henri","Set Top Box","","thumb","The Queen's Gambit","2","2021-12-31 20:22:06",""
"Henri","Set Top Box","","thumb","Ready Player One","2","2021-10-11 19:01:49",""
"Henri","Android Phone","","thumb","Black Mirror","2","2021-08-23 06:04:29",""
"Henri","Android Phone","","thumb","Friends","2","2021-07-24 13:34:04",""
"Henri","Set Top Box","","thumb","Focus","1","2021-07-16 00:39:03",""
"Henri","Set Top Box","","thumb","The Seven Deadly Sins","2","2021-07-08 11:09:57",""
"Henri","Set Top Box","","thumb","Jungle Beat: The Movie","2","2021-05-15 22:26:08",""
"Henri","Set Top Box","","thumb","Glee","2","2021-04-14 21:52:09",""
"Henri","Set Top Box","","thumb","Adventure Time","2","2021-03-30 19:47:16",""
"Henri","Set Top Box","","thumb","We Bare Bears","2","2021-02-17 23:30:15",""
"Henri","Set Top Box","","thumb","History of Swear Words","0","2021-01-07 22:07:13",""
"Henri","HTML 5","","thumb","Community","2","2020-08-31 07:03:08",""
"Henri","HTML 5","","thumb","Kakegurui","2","2020-07-29 12:52:56",""
"Papa","Apple TV","5","star","Unacknowledged","2","2020-03-07 14:55:55","2020-03-07"
"Papa","Apple TV","4","star","Numbered","2","2020-01-13 09:55:43",""
"Papa","Apple TV","4","star","Terminator Salvation","2","2020-01-04 15:42:35","2020-01-04"
"Okona","HTML 5","","thumb","Derry Girls","0","2019-12-29 18:15:22",""
"Okona","Apple TV","1","star","Weeds","1","2019-12-25 14:58:37","2019-12-25"
"Papa","iPhone","","thumb","V Wars","2","2019-12-06 18:30:48",""
"Papa","Apple TV","1","star","Nazi Concentration Camps","1","2019-11-09 15:12:51","2019-10-28"
"Papa","iPhone","","thumb","Money Heist","2","2019-07-23 18:52:05",""
"Papa","iPhone","","thumb","7 Days Out","2","2019-01-10 11:31:23",""
"Henri","HTML 5","","thumb","The Magic School Bus","2","2018-09-23 22:05:32",""
"Henri","Android Phone","","thumb","Explained","2","2018-09-23 11:55:39",""
"Henri","HTML 5","","thumb","Steven Universe","2","2018-08-15 07:25:56",""
"Henri","Android Phone","","thumb","Lastman","2","2018-07-19 21:33:41",""
"Henri","Android Phone","","thumb","Blades of Glory","2","2018-04-12 18:12:12",""
"Henri","Android Phone","","thumb","One-Punch Man","2","2018-04-01 10:12:33",""
"Okona","MVPD STB","","thumb","Violet Evergarden","2","2018-03-17 14:24:09",""
"Henri","PS4","","thumb","Altered Carbon","2","2018-02-15 22:04:14",""
"Henri","MVPD STB","","thumb","Assassination Classroom","2","2018-02-01 20:54:23",""
"Henri","MVPD STB","","thumb","The Good Place","2","2018-01-26 20:32:30",""
"Henri","MVPD STB","","thumb","Miraculous: Tales of Ladybug & Cat Noir","1","2018-01-20 12:49:42",""
"Henri","MVPD STB","","thumb","Little Witch Academia","2","2017-07-12 19:05:35",""
"Henri","Android Phone","","thumb","Girlboss","2","2017-05-12 23:11:43",""
"Henri","Android Phone","","thumb","Rurouni Kenshin","2","2017-04-12 22:09:06",""
"Henri","Android Phone","","thumb","Archer","2","2017-04-06 06:24:12",""
"Henri","Android Phone","","thumb","Brooklyn Nine-Nine","2","2017-04-06 06:23:39",""
"Henri","Android Phone","","thumb","Dirk Gently's Holistic Detective Agency","2","2017-04-06 06:23:30",""
"Henri","Android Phone","","thumb","Fullmetal Alchemist: Brotherhood","2","2017-04-06 06:23:25",""
"Henri","Android Phone","","thumb","A Very Secret Service","2","2017-04-06 06:23:17",""
"Henri","Android Phone","5","star","The Get Down","2","2017-03-21 18:39:35","2017-03-21"
"Henri","Apple TV","5","star","Dirk Gently's Holistic Detective Agency","2","2016-12-16 21:28:30","2016-12-16"
"Papa","Apple TV","2","star","Tower Heist","1","2016-10-02 11:42:36",""
"Henri","Apple TV","5","star","Voltron: Legendary Defender","2","2016-09-11 05:05:07",""
"Henri","Apple TV","5","star","Assassination Classroom","2","2016-06-26 21:53:29","2016-06-26"
"Henri","HTML 5","1","star","Richie Rich","1","2016-05-10 20:01:52","2016-05-05"
"Henri","Apple TV","5","star","Psycho-Pass","2","2016-01-28 15:09:03","2016-01-28"
"Papa","iPad","3","star","Breaking Bad","2","2016-01-17 19:41:17",""
"Henri","Apple TV","5","star","The Seven Deadly Sins","2","2015-11-26 23:55:55","2015-11-26"
"Henri","Apple TV","5","star","Coyote Ugly","2","2015-11-24 20:52:58",""
"Henri","Apple TV","5","star","W/ Bob & David","2","2015-11-24 18:52:47","2015-11-24"
"Henri","Apple TV","5","star","Brooklyn Nine-Nine","2","2015-07-25 20:06:50","2015-07-25"
"Henri","Laptop/Desktop","3","star","Shanghai Noon","2","2015-02-08 19:55:44",""
"Henri","Laptop/Desktop","-2","star","Jericho","0","2015-02-08 19:55:42",""
"Henri","Laptop/Desktop","-2","star","A Time to Kill","0","2015-02-08 19:55:39",""
"Henri","Laptop/Desktop","-2","star","Jackass 3","0","2015-02-08 19:55:38",""
"Henri","Laptop/Desktop","-2","star","H2O: Just Add Water","0","2015-02-08 19:55:36",""
"Henri","Laptop/Desktop","-2","star","Get the Gringo","0","2015-02-08 19:55:35",""
"Henri","Laptop/Desktop","-2","star","Scream 3","0","2015-02-08 19:55:34",""
"Henri","Laptop/Desktop","-2","star","Fire with Fire","0","2015-02-08 19:55:33",""
"Henri","Laptop/Desktop","-2","star","Trailer Park Boys","0","2015-02-08 19:55:31",""
"Henri","Laptop/Desktop","-2","star","Seabiscuit","0","2015-02-08 19:55:29",""
"Henri","Laptop/Desktop","-2","star","Heat","0","2015-02-08 19:55:28",""
"Henri","Laptop/Desktop","-2","star","Californication","0","2015-02-08 19:55:27",""
"Henri","Laptop/Desktop","-2","star","Guess Who","0","2015-02-08 19:55:26",""
"Henri","Laptop/Desktop","-2","star","Blue Mountain State","0","2015-02-08 19:55:24",""
"Henri","Laptop/Desktop","-2","star","Halo 4: Forward Unto Dawn","0","2015-02-08 19:55:23",""
"Henri","Laptop/Desktop","-2","star","Fringe","0","2015-02-08 19:55:21",""
"Henri","Laptop/Desktop","-2","star","Ella Enchanted","0","2015-02-08 19:55:20",""
"Henri","Laptop/Desktop","-2","star","Hemlock Grove","0","2015-02-08 19:55:19",""
"Henri","Laptop/Desktop","-2","star","Deep Impact","0","2015-02-08 19:55:17",""
"Henri","Laptop/Desktop","-2","star","The Negotiator","0","2015-02-08 19:55:17",""
"Henri","Laptop/Desktop","-2","star","Don't Say a Word","0","2015-02-08 19:55:15",""
"Henri","Laptop/Desktop","-2","star","Downton Abbey","0","2015-02-08 19:55:14",""
"Henri","Laptop/Desktop","-2","star","Insidious","0","2015-02-08 19:55:12",""
"Henri","Laptop/Desktop","-2","star","Happy Gilmore","0","2015-02-08 19:55:11",""
"Henri","Laptop/Desktop","-2","star","The Parent Trap","0","2015-02-08 19:55:09",""
"Henri","Laptop/Desktop","-2","star","Hocus Pocus","0","2015-02-08 19:55:08",""
"Henri","Laptop/Desktop","-2","star","White Collar","0","2015-02-08 19:55:06",""
"Henri","Laptop/Desktop","-2","star","The Swan Princess","0","2015-02-08 19:55:04",""
"Henri","Laptop/Desktop","-2","star","The Mighty Ducks","0","2015-02-08 19:55:02",""
"Henri","Laptop/Desktop","5","star","Bruce Almighty","2","2015-02-08 19:54:59",""
"Henri","Laptop/Desktop","-2","star","Kevin Hart: Seriously Funny","0","2015-02-08 19:54:48",""
"Henri","Laptop/Desktop","-2","star","Traffic","0","2015-02-08 19:54:46",""
"Henri","Laptop/Desktop","-2","star","The Count of Monte Cristo","0","2015-02-08 19:54:45",""
"Henri","Laptop/Desktop","3","star","Brother Bear","2","2015-02-08 19:54:42",""
"Henri","Laptop/Desktop","-2","star","Lost","0","2015-02-08 19:54:40",""
"Henri","Laptop/Desktop","4","star","Hook","2","2015-02-08 19:54:39","2014-09-16"
"Henri","Laptop/Desktop","-2","star","Training Day","0","2015-02-08 19:54:38",""
"Henri","Laptop/Desktop","-2","star","American Horror Story","0","2015-02-08 19:54:35",""
"Henri","Laptop/Desktop","3","star","House, M.D.","2","2015-02-08 19:54:33",""
"Henri","Laptop/Desktop","-2","star","The Pacifier","0","2015-02-08 19:54:31",""
"Henri","Laptop/Desktop","-2","star","Reign of Fire","0","2015-02-08 19:54:30",""
"Henri","Laptop/Desktop","4","star","Atlantis: The Lost Empire","2","2015-02-08 19:54:26",""
"Henri","Laptop/Desktop","-2","star","The Graduate","0","2015-02-08 19:54:23",""
"Henri","Laptop/Desktop","-2","star","Anchorman: The Legend of Ron Burgundy","0","2015-02-08 19:54:21",""
"Henri","Laptop/Desktop","5","star","Back to the Future Part III","2","2015-02-08 19:54:14",""
"Henri","Laptop/Desktop","2","star","Prince of Persia: The Sands of Time","1","2015-02-08 19:54:11",""
"Henri","Laptop/Desktop","5","star","Toy Story","2","2015-02-08 19:54:09",""
"Henri","Laptop/Desktop","-2","star","Rocky","0","2015-02-08 19:54:07",""
"Henri","Laptop/Desktop","5","star","Back to the Future Part II","2","2015-02-08 19:54:05",""
"Henri","Laptop/Desktop","-2","star","The Vampire Diaries","0","2015-02-08 19:54:04",""
"Henri","Laptop/Desktop","4","star","V for Vendetta","2","2015-02-08 19:54:02",""
"Henri","Laptop/Desktop","4","star","Winx Club","2","2015-02-08 19:53:59","2015-02-07"
"Henri","Laptop/Desktop","5","star","Back to the Future","2","2015-02-08 19:53:58",""
"Henri","Laptop/Desktop","-2","star","The Blind Side","0","2015-02-08 19:53:49",""
"Henri","Laptop/Desktop","-2","star","Mystic River","0","2015-02-08 19:53:47",""
"Henri","Laptop/Desktop","-2","star","Good Will Hunting","0","2015-02-08 19:53:46",""
"Henri","Laptop/Desktop","4","star","The Sixth Sense","2","2015-02-08 19:53:42",""
"Henri","Unknown","5","star","Being Elmo: A Puppeteer's Journey","2","2015-02-07 15:30:02","2015-02-07"
"Henri","Apple TV","5","star","Archer","2","2015-02-04 11:50:52","2015-02-03"
"Henri","Apple TV","5","star","Chicken Little","2","2014-10-23 21:12:20","2014-10-23"
"Henri","Laptop/Desktop","-2","star","The Goods: Live Hard, Sell Hard","0","2014-10-04 11:42:06",""
"Henri","Laptop/Desktop","-2","star","Rocky II","0","2014-10-04 11:42:03",""
"Henri","Laptop/Desktop","-2","star","Just Go With It","0","2014-10-04 11:42:01",""
"Henri","Laptop/Desktop","-2","star","Evolution","0","2014-10-04 11:41:58",""
"Henri","Laptop/Desktop","-2","star","Scream 2","0","2014-10-04 11:41:56",""
"Henri","Laptop/Desktop","-2","star","Escape from New York","0","2014-10-04 11:41:53",""
"Henri","Laptop/Desktop","-2","star","Green Zone","0","2014-10-04 11:41:51",""
"Henri","Laptop/Desktop","-2","star","The Three Musketeers","0","2014-10-04 11:41:44",""
"Henri","Laptop/Desktop","-2","star","The Last Castle","0","2014-10-04 11:41:41",""
"Henri","Laptop/Desktop","-2","star","Payback","0","2014-10-04 11:41:39",""
"Henri","Laptop/Desktop","-2","star","Like Water for Chocolate","0","2014-10-04 11:41:36",""
"Henri","Laptop/Desktop","-2","star","The Warriors","0","2014-10-04 11:41:36",""
"Henri","Laptop/Desktop","-2","star","Absolute Power","0","2014-10-04 11:41:33",""
"Henri","Laptop/Desktop","-2","star","Life as We Know It","0","2014-10-04 11:41:32",""
"Henri","Laptop/Desktop","-2","star","Dumbo","0","2014-10-04 11:41:31",""
"Henri","Laptop/Desktop","-2","star","Get Him to the Greek","0","2014-10-04 11:41:28",""
"Henri","Laptop/Desktop","-2","star","The Animal","0","2014-10-04 11:41:24",""
"Henri","Laptop/Desktop","-2","star","Timeline","0","2014-10-04 11:41:23",""
"Henri","Laptop/Desktop","-2","star","Top Gear","0","2014-10-04 11:41:21",""
"Henri","Laptop/Desktop","4","star","Planet of the Apes","2","2014-10-04 11:41:17",""
"Henri","Laptop/Desktop","-2","star","Into the Blue","0","2014-10-04 11:41:15",""
"Henri","Laptop/Desktop","-2","star","Rocky IV","0","2014-10-04 11:41:11",""
"Henri","Laptop/Desktop","1","star","Scooby-Doo","1","2014-10-04 11:41:10",""
"Henri","Laptop/Desktop","-2","star","Evil Dead 2: Dead by Dawn","0","2014-10-04 11:41:06",""
"Henri","Laptop/Desktop","-2","star","Mulan","0","2014-10-04 11:41:02",""
"Henri","Laptop/Desktop","-2","star","Mulholland Dr.","0","2014-10-04 11:40:57",""
"Henri","Laptop/Desktop","4","star","Hercules","2","2014-10-04 11:40:55","2014-09-16"
"Henri","Laptop/Desktop","-2","star","Adventureland","0","2014-10-04 11:40:53",""
"Henri","Laptop/Desktop","-2","star","Dreamcatcher","0","2014-10-04 11:40:51",""
"Henri","Laptop/Desktop","-2","star","Sense and Sensibility","0","2014-10-04 11:40:50",""
"Henri","Laptop/Desktop","-2","star","Yours, Mine and Ours","0","2014-10-04 11:40:46",""
"Henri","Laptop/Desktop","3","star","Mad Money","2","2014-10-04 11:40:44",""
"Henri","Laptop/Desktop","-2","star","Cheaper by the Dozen 2","0","2014-10-04 11:40:42",""
"Henri","Laptop/Desktop","-2","star","Gabriel Iglesias: Hot and Fluffy","0","2014-10-04 11:40:40",""
"Henri","Laptop/Desktop","-2","star","One Hour Photo","0","2014-10-04 11:40:36",""
"Henri","Laptop/Desktop","2","star","Spy Kids","1","2014-10-04 11:40:35",""
"Henri","Laptop/Desktop","-2","star","Racing Stripes","0","2014-10-04 11:40:33",""
"Henri","Laptop/Desktop","-2","star","The World's Fastest Indian","0","2014-10-04 11:40:31",""
"Henri","Laptop/Desktop","-2","star","Honey, I Shrunk the Kids","0","2014-10-04 11:40:30",""
"Henri","Laptop/Desktop","-2","star","Homeward Bound: The Incredible Journey","0","2014-10-04 11:40:29",""
"Henri","Laptop/Desktop","-2","star","The One","0","2014-10-04 11:40:28",""
"Henri","Laptop/Desktop","-2","star","Tron","0","2014-10-04 11:40:27",""
"Henri","Laptop/Desktop","-2","star","Scary Movie 2","0","2014-10-04 11:40:25",""
"Henri","Laptop/Desktop","-2","star","The Beach","0","2014-10-04 11:40:24",""
"Henri","Laptop/Desktop","-2","star","Bill & Ted's Excellent Adventure","0","2014-10-04 11:40:23",""
"Henri","Laptop/Desktop","-2","star","The Tourist","0","2014-10-04 11:40:21",""
"Henri","Laptop/Desktop","-2","star","Hackers","0","2014-10-04 11:40:20",""
"Henri","Laptop/Desktop","-2","star","The Boy in the Striped Pajamas","0","2014-10-04 11:40:18",""
"Henri","Laptop/Desktop","-2","star","The Virgin Suicides","0","2014-10-04 11:40:16",""
"Henri","Laptop/Desktop","-2","star","Night of the Living Dead","0","2014-10-04 11:40:15",""
"Henri","Laptop/Desktop","-2","star","You Again","0","2014-10-04 11:40:13",""
"Henri","Laptop/Desktop","-2","star","Rounders","0","2014-10-04 11:40:12",""
"Henri","Laptop/Desktop","-2","star","Lie to Me","0","2014-10-04 11:40:12",""
"Henri","Laptop/Desktop","-2","star","Flyboys","0","2014-10-04 11:40:10",""
"Henri","Laptop/Desktop","-2","star","The Spiderwick Chronicles","0","2014-10-04 11:40:08",""
"Henri","Laptop/Desktop","-2","star","Windtalkers","0","2014-10-04 11:40:07",""
"Henri","Laptop/Desktop","-2","star","Due Date","0","2014-10-04 11:40:06",""
"Henri","Laptop/Desktop","-2","star","Child's Play","0","2014-10-04 11:40:05",""
"Henri","Laptop/Desktop","4","star","Toy Story 2","2","2014-10-04 11:40:00",""
"Henri","Laptop/Desktop","-2","star","The Talented Mr. Ripley","0","2014-10-04 11:39:57",""
"Henri","Laptop/Desktop","-2","star","The Interpreter","0","2014-10-04 11:39:56",""
"Henri","Laptop/Desktop","3","star","Anastasia","2","2014-10-04 11:39:48",""
"Henri","Laptop/Desktop","-2","star","Jay and Silent Bob Strike Back","0","2014-10-04 11:39:46",""
"Henri","Laptop/Desktop","-2","star","The Wrestler","0","2014-10-04 11:39:45",""
"Henri","Laptop/Desktop","-2","star","Shallow Hal","0","2014-10-04 11:39:43",""
"Henri","Laptop/Desktop","-2","star","Scary Movie","0","2014-10-04 11:39:40",""
"Henri","Laptop/Desktop","-2","star","From Hell","0","2014-10-04 11:39:39",""
"Henri","Laptop/Desktop","-2","star","Clash of the Titans","0","2014-10-04 11:39:38",""
"Henri","Laptop/Desktop","-2","star","Definitely, Maybe","0","2014-10-04 11:39:36",""
"Henri","Laptop/Desktop","-2","star","Donnie Brasco","0","2014-10-04 11:39:35",""
"Henri","Laptop/Desktop","-2","star","Without a Paddle","0","2014-10-04 11:39:33",""
"Henri","Laptop/Desktop","-2","star","Me, Myself & Irene","0","2014-10-04 11:39:32",""
"Henri","Laptop/Desktop","-2","star","The Social Network","0","2014-10-04 11:39:30",""
"Henri","Laptop/Desktop","-2","star","Meet the Robinsons","0","2014-10-04 11:39:29",""
"Henri","Laptop/Desktop","-2","star","Highlander","0","2014-10-04 11:39:27",""
"Henri","Laptop/Desktop","-2","star","The Tudors","0","2014-10-04 11:39:23",""
"Henri","Laptop/Desktop","-2","star","Girl, Interrupted","0","2014-10-04 11:39:22",""
"Henri","Laptop/Desktop","-2","star","Just Married","0","2014-10-04 11:39:21",""
"Henri","Laptop/Desktop","-2","star","Jackie Brown","0","2014-10-04 11:39:18",""
"Henri","Laptop/Desktop","5","star","Legally Blonde 2: Red, White & Blonde","2","2014-10-04 11:39:16",""
"Henri","Laptop/Desktop","-2","star","Equilibrium","0","2014-10-04 11:39:14",""
"Henri","Laptop/Desktop","-2","star","Letters from Iwo Jima","0","2014-10-04 11:39:12",""
"Henri","Laptop/Desktop","-2","star","Confessions of a Shopaholic","0","2014-10-04 11:39:10",""
"Henri","Laptop/Desktop","3","star","Robin Hood","2","2014-10-04 11:39:09",""
"Henri","Laptop/Desktop","-2","star","A Cinderella Story","0","2014-10-04 11:39:07",""
"Henri","Laptop/Desktop","-2","star","Couples Retreat","0","2014-10-04 11:39:04",""
"Henri","Laptop/Desktop","-2","star","Platoon","0","2014-10-04 11:39:03",""
"Henri","Laptop/Desktop","-2","star","Chasing Amy","0","2014-10-04 11:39:01",""
"Henri","Laptop/Desktop","-2","star","Walking Tall","0","2014-10-04 11:38:58",""
"Henri","Laptop/Desktop","-2","star","EuroTrip","0","2014-10-04 11:38:57",""
"Henri","Laptop/Desktop","-2","star","Prison Break","0","2014-10-04 11:38:51",""
"Henri","Laptop/Desktop","-2","star","40 Days and 40 Nights","0","2014-10-04 11:38:48",""
"Henri","Laptop/Desktop","-2","star","Phone Booth","0","2014-10-04 11:38:42",""
"Henri","Laptop/Desktop","5","star","Hot Fuzz","2","2014-10-04 11:38:41",""
"Henri","Laptop/Desktop","-2","star","Old Dogs","0","2014-10-04 11:38:39",""
"Henri","Laptop/Desktop","-2","star","8 Mile","0","2014-10-04 11:38:38",""
"Henri","Laptop/Desktop","-2","star","Blue Streak","0","2014-10-04 11:38:36",""
"Henri","Laptop/Desktop","-2","star","Race to Witch Mountain","0","2014-10-04 11:38:30",""
"Henri","Laptop/Desktop","-2","star","The Thomas Crown Affair","0","2014-10-04 11:38:30",""
"Henri","Laptop/Desktop","2","star","Coraline","1","2014-10-04 11:38:22",""
"Henri","Laptop/Desktop","1","star","Cloverfield","1","2014-10-04 11:38:16",""
"Henri","Laptop/Desktop","-2","star","Charlotte's Web","0","2014-10-04 11:38:14",""
"Henri","Laptop/Desktop","-2","star","The Last Song","0","2014-10-04 11:38:11",""
"Henri","Laptop/Desktop","2","star","A.I. Artificial Intelligence","1","2014-10-04 11:38:10",""
"Henri","Laptop/Desktop","-2","star","Road Trip","0","2014-10-04 11:38:05",""
"Henri","Laptop/Desktop","-2","star","The Brothers Grimm","0","2014-10-04 11:38:03",""
"Henri","Laptop/Desktop","-2","star","Invictus","0","2014-10-04 11:37:59",""
"Henri","Laptop/Desktop","-2","star","10,000 B.C.","0","2014-10-04 11:37:58",""
"Henri","Laptop/Desktop","-2","star","The Others","0","2014-10-04 11:37:56",""
"Henri","Laptop/Desktop","3","star","The Good, the Bad and the Ugly","2","2014-10-04 11:37:52",""
"Henri","Laptop/Desktop","-2","star","Eight Below","0","2014-10-04 11:37:50",""
"Henri","Laptop/Desktop","-2","star","Gattaca","0","2014-10-04 11:37:46",""
"Henri","Laptop/Desktop","-2","star","Fools Rush In","0","2014-10-04 11:37:45",""
"Henri","Laptop/Desktop","-2","star","The Game Plan","0","2014-10-04 11:37:44",""
"Henri","Laptop/Desktop","2","star","Stuart Little","1","2014-10-04 11:37:26",""
"Henri","Laptop/Desktop","-2","star","Music and Lyrics","0","2014-10-04 11:37:24",""
"Henri","Laptop/Desktop","-2","star","Hide and Seek","0","2014-10-04 11:37:13",""
"Henri","Laptop/Desktop","-2","star","Starsky & Hutch","0","2014-10-04 11:37:01",""
"Henri","Laptop/Desktop","-2","star","Planet of the Apes","0","2014-10-04 11:37:00",""
"Henri","Laptop/Desktop","-2","star","Sleeping with the Enemy","0","2014-10-04 11:36:56",""
"Henri","Laptop/Desktop","-2","star","Behind Enemy Lines","0","2014-10-04 11:36:54",""
"Henri","Laptop/Desktop","-2","star","The Other Guys","0","2014-10-04 11:36:53",""
"Henri","Laptop/Desktop","-2","star","Big Trouble in Little China","0","2014-10-04 11:36:51",""
"Henri","Laptop/Desktop","-2","star","Sons of Anarchy","0","2014-10-04 11:36:47",""
"Henri","Laptop/Desktop","-2","star","The Kingdom","0","2014-10-04 11:36:45",""
"Henri","Laptop/Desktop","1","star","Bambi","1","2014-10-04 11:36:41",""
"Henri","Laptop/Desktop","-2","star","Food, Inc.","0","2014-10-04 11:36:35",""
"Henri","Laptop/Desktop","3","star","101 Dalmatians","2","2014-10-04 11:36:33",""
"Henri","Laptop/Desktop","-2","star","The Princess Diaries 2: Royal Engagement","0","2014-10-04 11:36:32",""
"Henri","Laptop/Desktop","-2","star","The Machinist","0","2014-10-04 11:36:27",""
"Henri","Laptop/Desktop","3","star","Peter Pan","2","2014-10-04 11:36:25",""
"Henri","Laptop/Desktop","-2","star","Jarhead","0","2014-10-04 11:36:22",""
"Henri","Laptop/Desktop","-2","star","Paranormal Activity","0","2014-10-04 11:36:21",""
"Henri","Laptop/Desktop","-2","star","The Iron Giant","0","2014-10-04 11:36:19",""
"Henri","Laptop/Desktop","-2","star","Bram Stoker's Dracula","0","2014-10-04 11:36:17",""
"Henri","Laptop/Desktop","1","star","Superman Returns","1","2014-10-04 11:36:12",""
"Henri","Laptop/Desktop","1","star","Happy Feet","1","2014-10-04 11:36:04",""
"Henri","Laptop/Desktop","-2","star","What Lies Beneath","0","2014-10-04 11:36:01",""
"Henri","Laptop/Desktop","-2","star","Stardust","0","2014-10-04 11:36:00",""
"Henri","Laptop/Desktop","-2","star","We Were Soldiers","0","2014-10-04 11:35:58",""
"Henri","Laptop/Desktop","-2","star","Dodgeball: A True Underdog Story","0","2014-10-04 11:35:57",""
"Henri","Laptop/Desktop","-2","star","White Chicks","0","2014-10-04 11:35:54",""
"Henri","Laptop/Desktop","3","star","The Karate Kid","2","2014-10-04 11:35:52",""
"Henri","Laptop/Desktop","-2","star","Serendipity","0","2014-10-04 11:35:50",""
"Henri","Laptop/Desktop","-2","star","Gone Baby Gone","0","2014-10-04 11:35:49",""
"Henri","Laptop/Desktop","-2","star","Bolt","0","2014-10-04 11:35:45",""
"Henri","Laptop/Desktop","-2","star","Road to Perdition","0","2014-10-04 11:35:44",""
"Henri","Laptop/Desktop","-2","star","The Sum of All Fears","0","2014-10-04 11:35:42",""
"Henri","Laptop/Desktop","-2","star","Freaky Friday","0","2014-10-04 11:35:41",""
"Henri","Laptop/Desktop","-2","star","The Family Stone","0","2014-10-04 11:35:39",""
"Henri","Laptop/Desktop","-2","star","Burn After Reading","0","2014-10-04 11:35:34",""
"Henri","Laptop/Desktop","2","star","Enchanted","1","2014-10-04 11:35:31",""
"Henri","Laptop/Desktop","-2","star","From Dusk Till Dawn","0","2014-10-04 11:35:26",""
"Henri","Laptop/Desktop","-2","star","Lemony Snicket's A Series of Unfortunate Events","0","2014-10-04 11:35:21",""
"Henri","Laptop/Desktop","-2","star","Pineapple Express","0","2014-10-04 11:35:19",""
"Henri","Laptop/Desktop","3","star","Anger Management","2","2014-10-04 11:35:14",""
"Henri","Laptop/Desktop","-2","star","Daddy Day Care","0","2014-10-04 11:35:06",""
"Henri","Laptop/Desktop","5","star","Catch Me If You Can","2","2014-10-04 11:35:04",""
"Henri","Laptop/Desktop","-2","star","There Will Be Blood","0","2014-10-04 11:35:02",""
"Henri","Laptop/Desktop","-2","star","Coach Carter","0","2014-10-04 11:35:01",""
"Henri","Laptop/Desktop","-2","star","Super Troopers","0","2014-10-04 11:34:59",""
"Henri","Laptop/Desktop","-2","star","I Now Pronounce You Chuck and Larry","0","2014-10-04 11:34:56",""
"Henri","Laptop/Desktop","-2","star","Æon Flux","0","2014-10-04 11:34:54",""
"Henri","Laptop/Desktop","-2","star","Scarface","0","2014-10-04 11:34:52",""
"Henri","Laptop/Desktop","-2","star","Cloudy with a Chance of Meatballs","0","2014-10-04 11:34:48",""
"Henri","Laptop/Desktop","4","star","Transformers: Revenge of the Fallen","2","2014-10-04 11:34:43",""
"Henri","Laptop/Desktop","-2","star","Salt","0","2014-10-04 11:34:39",""
"Henri","Laptop/Desktop","-2","star","Paul Blart: Mall Cop","0","2014-10-04 11:34:35",""
"Henri","Laptop/Desktop","3","star","Fantastic 4: Rise of the Silver Surfer","2","2014-10-04 11:34:34",""
"Henri","Laptop/Desktop","-2","star","Billy Madison","0","2014-10-04 11:34:31",""
"Henri","Laptop/Desktop","-2","star","Constantine","0","2014-10-04 11:34:26",""
"Henri","Laptop/Desktop","3","star","A Clockwork Orange","2","2014-10-04 11:34:25",""
"Henri","Laptop/Desktop","-2","star","Finding Neverland","0","2014-10-04 11:34:22",""
"Henri","Laptop/Desktop","-2","star","Step Brothers","0","2014-10-04 11:34:20",""
"Henri","Laptop/Desktop","-2","star","Collateral","0","2014-10-04 11:34:19",""
"Henri","Laptop/Desktop","-2","star","Grown Ups","0","2014-10-04 11:34:17",""
"Henri","Laptop/Desktop","-2","star","Angels & Demons","0","2014-10-04 11:34:12",""
"Henri","Laptop/Desktop","-2","star","A Knight's Tale","0","2014-10-04 11:34:11",""
"Henri","Laptop/Desktop","-2","star","The Constant Gardener","0","2014-10-04 11:34:09",""
"Henri","Laptop/Desktop","2","star","Grease","1","2014-10-04 11:33:46",""
"Henri","Laptop/Desktop","-2","star","Cheaper by the Dozen","0","2014-10-04 11:33:41",""
"Henri","Laptop/Desktop","-2","star","Inside Man","0","2014-10-04 11:32:23",""
"Henri","Laptop/Desktop","-2","star","Snatch","0","2014-10-04 11:32:20",""
"Henri","Laptop/Desktop","1","star","Lady and the Tramp","1","2014-10-04 11:32:13",""
"Henri","Laptop/Desktop","-2","star","28 Days Later","0","2014-10-04 11:32:10",""
"Henri","Laptop/Desktop","-2","star","Paycheck","0","2014-10-04 11:32:09",""
"Henri","Laptop/Desktop","-2","star","Sleepy Hollow","0","2014-10-04 11:32:07",""
"Henri","Laptop/Desktop","-2","star","The Princess and the Frog","0","2014-10-04 11:32:04",""
"Henri","Laptop/Desktop","-2","star","The Usual Suspects","0","2014-10-04 11:32:01",""
"Henri","Laptop/Desktop","1","star","Alice in Wonderland","1","2014-10-04 11:31:54",""
"Henri","Laptop/Desktop","4","star","10 Things I Hate About You","2","2014-10-04 11:31:39",""
"Henri","Laptop/Desktop","-2","star","Bad Boys","0","2014-10-04 11:31:35",""
"Henri","Laptop/Desktop","-2","star","GoodFellas","0","2014-10-04 11:31:33",""
"Henri","Laptop/Desktop","-2","star","Bad Boys II","0","2014-10-04 11:31:31",""
"Henri","Laptop/Desktop","-2","star","Fahrenheit 9/11","0","2014-10-04 11:31:29",""
"Henri","Laptop/Desktop","-2","star","Stand by Me","0","2014-10-04 11:31:27",""
"Henri","Laptop/Desktop","-2","star","Pan's Labyrinth","0","2014-10-04 11:31:25",""
"Henri","Laptop/Desktop","-2","star","Scream","0","2014-10-04 11:31:23",""
"Henri","Laptop/Desktop","-2","star","American Pie 2","0","2014-10-04 11:30:52",""
"Henri","Laptop/Desktop","-2","star","Sin City","0","2014-10-04 11:30:51",""
"Henri","Laptop/Desktop","-2","star","The Terminal","0","2014-10-04 11:30:49",""
"Henri","Laptop/Desktop","-2","star","Borat","0","2014-10-04 11:30:46",""
"Henri","Laptop/Desktop","-2","star","Gremlins","0","2014-10-04 11:30:44",""
"Henri","Laptop/Desktop","-2","star","Failure to Launch","0","2014-10-04 11:30:40",""
"Henri","Laptop/Desktop","5","star","Shaun of the Dead","2","2014-10-04 11:30:36",""
"Henri","Laptop/Desktop","-2","star","American Gangster","0","2014-10-04 11:30:35",""
"Henri","Laptop/Desktop","-2","star","Family Guy","0","2014-10-04 11:30:31",""
"Henri","Laptop/Desktop","5","star","Pulp Fiction","2","2014-10-04 11:30:22",""
"Henri","Laptop/Desktop","-2","star","Big Daddy","0","2014-10-04 11:30:20",""
"Henri","Laptop/Desktop","-2","star","The Da Vinci Code","0","2014-10-04 11:30:18",""
"Henri","Laptop/Desktop","-2","star","Fargo","0","2014-10-04 11:30:16",""
"Henri","Laptop/Desktop","-2","star","The Italian Job","0","2014-10-04 11:30:15",""
"Henri","Laptop/Desktop","-2","star","Sideways","0","2014-10-04 11:30:13",""
"Henri","Laptop/Desktop","4","star","Legally Blonde","2","2014-10-04 11:29:59",""
"Henri","Laptop/Desktop","-2","star","Chocolat","0","2014-10-04 11:29:53",""
"Henri","Laptop/Desktop","-2","star","Mr. Deeds","0","2014-10-04 11:29:49",""
"Henri","Laptop/Desktop","5","star","The Hitchhiker's Guide to the Galaxy","2","2014-09-27 22:41:44",""
"Henri","Laptop/Desktop","1","star","The Hangover","1","2014-09-26 18:42:01",""
"Henri","Laptop/Desktop","5","star","How I Met Your Mother","2","2014-09-26 18:41:56","2014-09-16"
"Henri","Laptop/Desktop","4","star","The Big Bang Theory","2","2014-09-26 18:41:55","2014-09-17"
"Henri","Laptop/Desktop","5","star","Watchmen","2","2014-09-26 18:41:42",""
"Henri","Laptop/Desktop","5","star","Charlie and the Chocolate Factory","2","2014-09-26 18:41:21","2014-09-18"
"Henri","Laptop/Desktop","4","star","Sherlock","2","2014-09-26 18:41:16",""
"Henri","Laptop/Desktop","5","star","Jumanji","2","2014-09-26 18:41:01",""
"Henri","Laptop/Desktop","2","star","Superbad","1","2014-09-26 18:40:59",""
"Henri","Laptop/Desktop","1","star","Breaking Bad","1","2014-09-26 18:40:55",""
"Henri","Laptop/Desktop","1","star","2012","1","2014-09-26 18:40:49",""
"Henri","Laptop/Desktop","1","star","Inception","1","2014-09-26 18:40:48",""
"Henri","Laptop/Desktop","2","star","RoboCop","1","2014-09-26 18:40:46",""
"Henri","Laptop/Desktop","3","star","American Pie","2","2014-09-26 18:40:32",""
"Henri","Laptop/Desktop","5","star","Zombieland","2","2014-09-26 18:40:26",""
"Henri","Laptop/Desktop","2","star","Sherlock Holmes","1","2014-09-26 18:40:22","2014-09-19"
"Henri","Laptop/Desktop","3","star","The 40-Year-Old Virgin","2","2014-09-26 18:40:20",""
"Henri","Laptop/Desktop","5","star","Mrs. Doubtfire","2","2014-09-26 18:40:12",""
"Henri","Laptop/Desktop","5","star","Kill Bill: Vol. 1","2","2014-09-26 18:40:09",""
"Henri","Laptop/Desktop","3","star","300","2","2014-09-26 18:40:04",""
"Henri","Laptop/Desktop","1","star","Mission: Impossible III","1","2014-09-26 18:39:54","2014-09-19"
"Henri","Laptop/Desktop","1","star","The Dark Knight","1","2014-09-26 18:39:51",""
"Henri","Laptop/Desktop","4","star","I Am Legend","2","2014-09-26 18:39:49",""
"Henri","Laptop/Desktop","1","star","S.W.A.T.","1","2014-09-26 18:39:40",""
"Henri","Laptop/Desktop","5","star","The Terminator","2","2014-09-26 18:39:38",""
"Henri","Laptop/Desktop","4","star","Star Trek","2","2014-09-26 18:39:37",""
"Henri","Laptop/Desktop","1","star","Batman Begins","1","2014-09-26 18:39:34",""
"Henri","Laptop/Desktop","5","star","The Matrix","2","2014-09-26 18:39:31",""
"Henri","Laptop/Desktop","1","star","Fantastic Four","1","2014-09-26 18:39:30",""
"Henri","Laptop/Desktop","1","star","Van Helsing","1","2014-09-26 18:39:26",""
"Henri","Laptop/Desktop","1","star","The Matrix Reloaded","1","2014-09-26 18:39:23",""
"Henri","Laptop/Desktop","1","star","The Smurfs","1","2014-09-26 18:39:18","2014-09-17"
"Henri","Laptop/Desktop","5","star","Doctor Who","2","2014-09-26 18:39:15","2014-09-17"
"Henri","Laptop/Desktop","3","star","Clifford the Big Red Dog","2","2014-09-26 18:39:12","2014-09-17"
"Henri","Laptop/Desktop","3","star","Ratz","2","2014-09-26 18:39:10","2014-09-17"
"Henri","Laptop/Desktop","3","star","The Walking Dead","2","2014-09-26 18:38:54","2014-09-21"
"Henri","Laptop/Desktop","3","star","Power Rangers Super Megaforce","2","2014-09-26 18:38:48","2014-09-22"
"Henri","Laptop/Desktop","3","star","Mighty Morphin Power Rangers","2","2014-09-26 18:38:47","2014-09-22"
"Henri","Laptop/Desktop","5","star","Chuck","2","2014-09-26 18:38:45","2014-09-25"
"Henri","Laptop/Desktop","1","star","Ghostbusters 2","1","2014-09-26 18:38:40",""
"Henri","Laptop/Desktop","1","star","Edward Scissorhands","1","2014-09-26 18:38:35",""
"Henri","Laptop/Desktop","4","star","The Matrix Revolutions","2","2014-09-26 18:38:33",""
"Henri","Laptop/Desktop","1","star","The League of Extraordinary Gentlemen","1","2014-09-26 18:38:30",""
"Henri","Laptop/Desktop","2","star","Minority Report","1","2014-09-26 18:38:30",""
"Henri","Laptop/Desktop","-2","star","Casino Jack","0","2014-09-21 21:09:37",""
"Henri","Laptop/Desktop","-2","star","As It Is in Heaven","0","2014-09-21 21:09:34",""
"Henri","Laptop/Desktop","-2","star","Crumb","0","2014-09-21 21:08:14",""
"Henri","Laptop/Desktop","-2","star","Red Sonja","0","2014-09-21 21:08:13",""
"Henri","Laptop/Desktop","-2","star","The Soloist","0","2014-09-21 21:08:12",""
"Henri","Laptop/Desktop","-2","star","Yellowstone: Battle for Life","0","2014-09-21 21:08:09",""
"Henri","Laptop/Desktop","-2","star","Amreeka","0","2014-09-21 21:08:07",""
"Henri","Laptop/Desktop","-2","star","The Merchant of Venice","0","2014-09-21 21:08:05",""
"Henri","Laptop/Desktop","5","star","Transformers","2","2014-09-21 21:08:04",""
"Henri","Laptop/Desktop","-2","star","DMT: The Spirit Molecule","0","2014-09-21 21:08:02",""
"Henri","Laptop/Desktop","-2","star","Sniper 2","0","2014-09-21 21:08:00",""
"Henri","Laptop/Desktop","-2","star","Capote","0","2014-09-21 21:07:59",""
"Henri","Laptop/Desktop","-2","star","Species","0","2014-09-21 21:07:57",""
"Henri","Laptop/Desktop","-2","star","Cold Souls","0","2014-09-21 21:07:52",""
"Henri","Laptop/Desktop","5","star","Blood Diamond","2","2014-09-21 21:07:51",""
"Henri","Laptop/Desktop","-2","star","Cougar Hunting","0","2014-09-21 21:07:45","2014-09-21"
"Henri","Laptop/Desktop","-2","star","Life","0","2014-09-21 21:07:43",""
"Henri","Laptop/Desktop","-2","star","City of God","0","2014-09-21 21:07:38",""
"Henri","Laptop/Desktop","-2","star","Naruto the Movie: Ninja Clash in the Land of Snow","0","2014-09-21 21:07:36",""
"Henri","Laptop/Desktop","-2","star","Rize","0","2014-09-21 21:07:35",""
"Henri","Laptop/Desktop","-2","star","Knocked Up","0","2014-09-21 21:07:34",""
"Henri","Laptop/Desktop","-2","star","Two for the Money","0","2014-09-21 21:07:31",""
"Henri","Laptop/Desktop","-2","star","Southland Tales","0","2014-09-21 21:07:30",""
"Henri","Laptop/Desktop","-2","star","A State of Mind","0","2014-09-21 21:07:28",""
"Henri","Laptop/Desktop","-2","star","Dirty Dancing: Havana Nights","0","2014-09-21 21:07:24",""
"Henri","Apple TV","5","star","Duels : Steve Jobs - Bill Gates, le hippie et le geek","2","2014-09-20 12:36:06","2014-09-20"
"Henri","Apple TV","5","star","Matilda","2","2014-09-16 21:55:21","2014-09-16"
"Henri","Android","5","star","Gossip Girl","2","2014-09-16 11:38:32","2014-09-16"
