"Query Typed","Profile Name","Country Iso Code","Displayed Name","Utc Timestamp","Action","Is Kids","Section","Device"
"sa","Henri","FR","Sandman","2025-07-06 22:11:02","play","0","title_results","Set Top Box"
"sa","Henri","FR","Sandman","2025-07-06 22:10:53","play","0","title_results","Set Top Box"
"sa","Henri","FR","The Sandman: Season 2: ""Season of Mists""","2025-07-06 21:27:39","play","0","title_results","Set Top Box"
"sa","Henri","FR","Season 1 Recap: The Sandman","2025-07-06 21:25:39","supplemental-play","0","title_results","Set Top Box"
"sa","Henri","FR","The Sandman: Season 2: ""Season of Mists""","2025-07-06 21:24:46","play","0","title_results","Set Top Box"
"sa","Henri","FR","Sandman","2025-07-06 21:22:02","select","0","title_results","Set Top Box"
"81131","Istiliguiliguili","FR","Don't F**k with Cats: Hunting an Internet Killer: Limited Series: ""Cat and Mouse""","2025-06-26 23:40:18","play","0","title_results","iPhone"
"81131","Istiliguiliguili","FR","Don't F**k With Cats : Un tueur trop viral","2025-06-26 23:40:13","select","0","title_results","iPhone"
"81131","Istiliguiliguili","FR","Don't F**k With Cats : Un tueur trop viral","2025-06-26 23:04:18","select","0","title_results","iPhone"
"","Henri","FR","Comédies","2025-06-18 10:45:23","select","0","suggestion_results","Set Top Box"
"o","Okona","FR","Oshi no Ko","2025-05-22 18:37:28","play","0","title_results","Set Top Box"
"o","Okona","FR","Oshi no Ko","2025-05-22 18:37:26","select","0","title_results","Set Top Box"
"o","Henri","FR","Oshi no Ko","2025-05-22 18:36:59","play","0","title_results","Set Top Box"
"o","Henri","FR","Oshi no Ko","2025-05-22 18:36:57","select","0","title_results","Set Top Box"
"","Henri","FR","Astérix & Obélix : Le Combat des Chefs","2025-05-11 18:52:33","select","0","prequery_results","Set Top Box"
"da","Henri","FR","DANDADAN","2025-04-26 19:02:40","play","0","title_results","Android Phone"
"da","Henri","FR","DANDADAN","2025-04-26 19:02:37","supplemental-play","0","title_results","Android Phone"
"da","Henri","FR","DANDADAN","2025-04-26 19:02:36","select","0","title_results","Android Phone"
"g","Henri","FR","Ghosts : Fantômes à la maison","2025-04-11 21:22:31","add","0","title_results","Set Top Box"
"g","Henri","FR","Ghosts : Fantômes à la maison","2025-04-11 21:22:29","play","0","title_results","Set Top Box"
"g","Henri","FR","Ghosts : Fantômes à la maison","2025-04-11 21:22:27","select","0","title_results","Set Top Box"
"g","Henri","FR","Ghosts : Fantômes à la maison","2025-04-11 19:43:52","select","0","title_results","Set Top Box"
"g","Henri","FR","Geek Girl","2025-04-11 19:43:43","select","0","title_results","Set Top Box"
"chu","Okona","FR","Chupa","2025-03-15 21:01:43","play","0","title_results","Set Top Box"
"chu","Okona","FR","Chupa","2025-03-15 21:01:41","select","0","title_results","Set Top Box"
"c","Okona","FR","Cyberpunk: Edgerunners","2025-03-15 21:01:19","play","0","title_results","Set Top Box"
"c","Okona","FR","Cyberpunk: Edgerunners","2025-03-15 21:01:17","select","0","title_results","Set Top Box"
"c","Okona","FR","Puniru Is a Cute Slime","2025-03-15 21:00:50","play","0","title_results","Set Top Box"
"c","Okona","FR","Puniru Is a Cute Slime","2025-03-15 21:00:48","select","0","title_results","Set Top Box"
"pok","Henri","FR","Pokémon The Series: Indigo League: Season 1: ""The Path to the Pokémon League""","2025-03-14 21:41:13","play","0","title_results","Set Top Box"
"pok","Henri","FR","Pokémon, la série : La ligue indigo","2025-03-14 21:41:09","select","0","title_results","Set Top Box"
"love r","Okona","FR","Le garçon au pyjama rayé","2025-03-12 13:54:56","play","0","suggestion_results","Set Top Box"
"love r","Okona","FR","Le garçon au pyjama rayé","2025-03-12 13:37:38","play","0","suggestion_results","Set Top Box"
"love r","Okona","FR","Le garçon au pyjama rayé","2025-03-12 10:45:17","play","0","suggestion_results","Set Top Box"
"love r","Okona","FR","Le garçon au pyjama rayé","2025-03-12 09:53:59","play","0","suggestion_results","Set Top Box"
"love r","Okona","FR","Le garçon au pyjama rayé","2025-03-12 09:53:54","select","0","suggestion_results","Set Top Box"
"love r","Okona","FR","Love, Rosie","2025-03-12 09:53:05","select","0","suggestion_results","Set Top Box"
"9875","Istiliguiliguili","FR","Moment of High Emotion Clip: The Antisocial Network: Memes to Mayhem","2025-02-25 23:37:42","supplemental-play","0","title_results","iPhone"
"9875","Istiliguiliguili","FR","The Antisocial Network : Mèmes à retardement","2025-02-25 23:37:41","select","0","title_results","iPhone"
"9875","Istiliguiliguili","FR","Trailer: The Accidental Twins","2025-02-25 23:37:33","supplemental-play","0","title_results","iPhone"
"9875","Istiliguiliguili","FR","Les Jumeaux échangés de Bogota","2025-02-25 23:37:33","select","0","title_results","iPhone"
"9875","Istiliguiliguili","FR","Outreau : Un cauchemar français","2025-02-25 23:37:02","add","0","title_results","iPhone"
"9875","Istiliguiliguili","FR","Limited Series Clip 4: The Outreau Case: A French Nightmare","2025-02-25 23:36:52","supplemental-play","0","title_results","iPhone"
"9875","Istiliguiliguili","FR","Outreau : Un cauchemar français","2025-02-25 23:36:52","select","0","title_results","iPhone"
"9875","Istiliguiliguili","FR","Spy Ops : Secrets de missions","2025-02-25 23:36:40","add","0","title_results","iPhone"
"9875","Istiliguiliguili","FR","Season 1 Relatable Clip: Spy Ops","2025-02-25 23:36:29","supplemental-play","0","title_results","iPhone"
"9875","Istiliguiliguili","FR","Spy Ops : Secrets de missions","2025-02-25 23:36:29","select","0","title_results","iPhone"
"9875","Istiliguiliguili","FR","Season 1 Clip 5: The Kings of Tupelo","2025-02-25 23:34:32","supplemental-play","0","title_results","iPhone"
"9875","Istiliguiliguili","FR","Les Kings de Tupelo : Jusqu'au crime","2025-02-25 23:34:32","select","0","title_results","iPhone"
"9875","Istiliguiliguili","FR","Black Box_hook_01_16x9","2025-02-25 23:33:46","supplemental-play","0","title_results","iPhone"
"9875","Istiliguiliguili","FR","Boîte Noire","2025-02-25 23:33:45","select","0","title_results","iPhone"
"9875","Istiliguiliguili","FR","Omar Killed Me_hook_01_16x9","2025-02-25 23:33:34","supplemental-play","0","title_results","iPhone"
"9875","Istiliguiliguili","FR","Omar Killed Me_hook_01_16x9","2025-02-25 23:31:47","supplemental-play","0","title_results","iPhone"
"9875","Istiliguiliguili","FR","Omar m'a tuer","2025-02-25 23:31:47","select","0","title_results","iPhone"
"9875","Istiliguiliguili","FR","Season 1 Character Intro Clip: A Kidnapping Scandal: The Florence Cassez Affair","2025-02-25 23:07:41","supplemental-play","0","title_results","iPhone"
"9875","Istiliguiliguili","FR","Désignés coupables : L'affaire Florence Cassez","2025-02-25 23:07:41","select","0","title_results","iPhone"
"9875","Istiliguiliguili","FR","Season 1 Sensory Clip 2: Files of the Unexplained","2025-02-25 23:06:45","supplemental-play","0","title_results","iPhone"
"9875","Istiliguiliguili","FR","Les Dossiers de l'inexplicable","2025-02-25 23:06:44","select","0","title_results","iPhone"
"9875","Istiliguiliguili","FR","Trailer: Cold Case: Who Killed JonBenét Ramsey","2025-02-25 23:05:01","supplemental-play","0","title_results","iPhone"
"9875","Istiliguiliguili","FR","Cold Case : Qui a tué la mini-miss ?","2025-02-25 23:05:00","select","0","title_results","iPhone"
"9875","Istiliguiliguili","FR","The Disappearance of Madeleine McCann: Season 1 (Trailer 1)","2025-02-25 23:04:40","supplemental-play","0","title_results","iPhone"
"9875","Istiliguiliguili","FR","La disparition de Maddie McCann","2025-02-25 23:04:40","select","0","title_results","iPhone"
"9875","Istiliguiliguili","FR","Prises d'otages","2025-02-25 23:04:30","add","0","title_results","iPhone"
"9875","Istiliguiliguili","FR","Captive (Trailer)","2025-02-25 23:04:17","supplemental-play","0","title_results","iPhone"
"9875","Istiliguiliguili","FR","Prises d'otages","2025-02-25 23:04:17","select","0","title_results","iPhone"
"9875","Istiliguiliguili","FR","Season 1 Cliffhanger Clip: The Puppet Master: Hunting the Ultimate Conman","2025-02-25 23:02:31","supplemental-play","0","title_results","iPhone"
"9875","Istiliguiliguili","FR","The Puppet Master : Leçons de manipulation","2025-02-25 23:02:31","select","0","title_results","iPhone"
"9875","Istiliguiliguili","FR","John Wayne Gacy : Autoportrait d'un tueur","2025-02-25 22:15:23","add","0","title_results","iPhone"
"9875","Istiliguiliguili","FR","Sensory Clip: Conversations with a Killer: The John Wayne Gacy Tapes","2025-02-25 22:15:11","supplemental-play","0","title_results","iPhone"
"9875","Istiliguiliguili","FR","John Wayne Gacy : Autoportrait d'un tueur","2025-02-25 22:15:11","select","0","title_results","iPhone"
"tapie","Istiliguiliguili","FR","L'Affaire Fourniret : Dans la tête de Monique Olivier","2025-02-25 22:14:03","add","0","title_results","iPhone"
"tapie","Istiliguiliguili","FR","Sensory Clip: L'affaire Fourniret: Dans la tête de Monique Olivier","2025-02-25 22:14:01","supplemental-play","0","title_results","iPhone"
"tapie","Istiliguiliguili","FR","L'Affaire Fourniret : Dans la tête de Monique Olivier","2025-02-25 22:14:01","select","0","title_results","iPhone"
"le","Okona","FR","Le Garçon et le Héron","2025-02-14 19:02:39","play","0","title_results","Set Top Box"
"le","Okona","FR","Le Garçon et le Héron","2025-02-14 18:38:20","play","0","title_results","Set Top Box"
"le","Okona","FR","Le Garçon et le Héron","2025-02-14 18:38:17","select","0","title_results","Set Top Box"
"cook","Okona","FR","Le Choc des toques","2025-01-26 19:45:00","play","0","title_results","Set Top Box"
"cook","Okona","FR","Le Choc des toques","2025-01-26 19:44:58","select","0","title_results","Set Top Box"
"cook up","Okona","FR","Wok of Love","2025-01-26 19:44:42","play","0","title_results","Set Top Box"
"cook up","Okona","FR","Wok of Love","2025-01-26 19:44:39","select","0","title_results","Set Top Box"
"cookup","Okona","FR","Grand Maison Tokyo","2025-01-26 19:44:01","play","0","title_results","Set Top Box"
"cookup","Okona","FR","Grand Maison Tokyo","2025-01-26 19:43:58","select","0","title_results","Set Top Box"
"tous nos","Okona","FR","Anne with an E","2025-01-19 22:37:46","play","0","title_results","Set Top Box"
"tous nos","Okona","FR","Anne with an E","2025-01-19 22:37:43","select","0","title_results","Set Top Box"
"tous nos","Okona","FR","Le Flic de Beverly Hills : Axel F.","2025-01-19 22:37:35","play","0","title_results","Set Top Box"
"tous nos","Okona","FR","Le Flic de Beverly Hills : Axel F.","2025-01-19 22:37:32","select","0","title_results","Set Top Box"
"tous nos","Okona","FR","Totally Spies!","2025-01-19 22:37:04","play","0","title_results","Set Top Box"
"tous nos","Okona","FR","Totally Spies!","2025-01-19 22:36:59","select","0","title_results","Set Top Box"
"tous nos","Okona","FR","Les Filles du docteur March","2025-01-19 22:36:46","play","0","title_results","Set Top Box"
"tous nos","Okona","FR","Les Filles du docteur March","2025-01-19 22:36:43","select","0","title_results","Set Top Box"
"tous nos","Okona","FR","Brain on Fire","2025-01-19 22:36:36","add","0","title_results","Set Top Box"
"tous nos","Okona","FR","Brain on Fire","2025-01-19 22:34:41","supplemental-play","0","title_results","Set Top Box"
"tous nos","Okona","FR","Brain on Fire","2025-01-19 22:34:35","play","0","title_results","Set Top Box"
"tous nos","Okona","FR","Brain on Fire","2025-01-19 22:34:33","select","0","title_results","Set Top Box"
"tous nos","Okona","FR","Le garçon au pyjama rayé","2025-01-19 22:34:28","add","0","title_results","Set Top Box"
"tous nos","Okona","FR","Le garçon au pyjama rayé","2025-01-19 22:34:20","play","0","title_results","Set Top Box"
"tous nos","Okona","FR","Le garçon au pyjama rayé","2025-01-19 22:34:17","select","0","title_results","Set Top Box"
"tous nos","Okona","FR","Tous nos jours parfaits","2025-01-19 22:34:08","add","0","title_results","Set Top Box"
"tous nos","Okona","FR","Tous nos jours parfaits","2025-01-19 22:31:39","supplemental-play","0","title_results","Set Top Box"
"tous nos","Okona","FR","Tous nos jours parfaits","2025-01-19 22:31:37","play","0","title_results","Set Top Box"
"tous nos","Okona","FR","Tous nos jours parfaits","2025-01-19 22:31:35","select","0","title_results","Set Top Box"
"immortality ","Henri","FR","IMMORTALITY : Parallaxe","2025-01-12 19:27:32","select","0","title_results","Android Phone"
"ast","Okona","FR","Astérix & Obélix: Mission Cléopâtre","2024-12-24 20:18:12","select","0","suggestion_results","Set Top Box"
"dany","Okona","FR","8 Rue de l’Humanité","2024-12-24 20:09:53","play","0","suggestion_results","Set Top Box"
"dany","Okona","FR","8 Rue de l’Humanité","2024-12-24 20:09:49","select","0","suggestion_results","Set Top Box"
"dany","Okona","FR","Dany Boon","2024-12-24 20:09:42","select","0","suggestion_results","Set Top Box"
"dany","Okona","FR","Dany Boon","2024-12-24 20:09:16","select","0","suggestion_results","Set Top Box"
"osh","Okona","FR","Oshi no Ko","2024-12-12 21:46:40","add","0","title_results","Set Top Box"
"osh","Okona","FR","Oshi no Ko","2024-12-12 21:46:31","play","0","title_results","Set Top Box"
"osh","Okona","FR","Oshi no Ko","2024-12-12 21:46:04","play","0","title_results","Set Top Box"
"osh","Okona","FR","Oshi no Ko","2024-12-12 21:46:01","select","0","title_results","Set Top Box"
"off","Okona","FR","The Office (U.S.): Season 1: ""Pilot""","2024-11-28 19:40:47","play","0","title_results","Set Top Box"
"off","Okona","FR","The Office (US)","2024-11-28 19:40:44","select","0","title_results","Set Top Box"
"off","Okona","FR","The Office (U.S.): Season 1: ""Pilot""","2024-11-28 19:39:20","play","0","title_results","Set Top Box"
"off","Okona","FR","The Office (US)","2024-11-28 19:39:17","select","0","title_results","Set Top Box"
"ine","Okona","FR","Le grand partage","2024-10-28 21:58:49","play","0","title_results","Set Top Box"
"ine","Okona","FR","Le grand partage","2024-10-28 21:58:46","select","0","title_results","Set Top Box"
"adv","Henri","FR","Chilling Adventures of Sabrina","2024-10-27 23:01:09","select","0","title_results","Set Top Box"
"adv","Henri","FR","Adventure Time","2024-10-27 22:37:47","play","0","title_results","Set Top Box"
"adv","Henri","FR","Adventure Time","2024-10-27 22:36:53","select","0","title_results","Set Top Box"
"da","Henri","FR","DAN DA DAN: Season 1: ""That's How Love Starts, Ya Know!""","2024-10-23 10:20:53","play","0","title_results","Set Top Box"
"da","Henri","FR","DANDADAN","2024-10-23 10:18:41","select","0","title_results","Set Top Box"
"r","Okona","FR","Ranma1/2: Season 1: ""Here's Ranma""","2024-10-20 20:03:09","play","0","title_results","Set Top Box"
"r","Okona","FR","Ranma1/2","2024-10-20 20:03:05","select","0","title_results","Set Top Box"
"r","Henri","FR","Ranma1/2","2024-10-18 17:53:37","play","0","title_results","Set Top Box"
"r","Henri","FR","Ranma1/2","2024-10-18 17:53:35","select","0","title_results","Set Top Box"
"r","Henri","FR","Ruby, l'ado Kraken","2024-10-18 17:53:31","select","0","title_results","Set Top Box"
"r","Henri","FR","Represent","2024-10-18 17:53:11","play","0","title_results","Set Top Box"
"r","Henri","FR","Represent","2024-10-18 17:53:09","select","0","title_results","Set Top Box"
"r","Henri","FR","Ranma1/2","2024-10-18 17:51:56","play","0","title_results","Set Top Box"
"r","Henri","FR","Ranma1/2","2024-10-18 17:51:54","select","0","title_results","Set Top Box"
"","Henri","FR","Dynastie","2024-10-18 17:51:40","add","0","prequery_results","Set Top Box"
"","Henri","FR","Dynastie","2024-10-18 17:51:38","play","0","prequery_results","Set Top Box"
"","Henri","FR","Dynastie","2024-10-18 17:51:36","select","0","prequery_results","Set Top Box"
"","Henri","FR","Dynastie","2024-10-18 17:51:34","play","0","prequery_results","Set Top Box"
"","Henri","FR","Dynastie","2024-10-18 17:51:31","select","0","prequery_results","Set Top Box"
"y","Henri","FR","Young Sheldon","2024-10-18 17:50:37","play","0","title_results","Set Top Box"
"y","Henri","FR","Young Sheldon","2024-10-18 17:50:35","select","0","title_results","Set Top Box"
"ra","Henri","FR","Ranma1/2","2024-10-17 22:00:07","play","0","title_results","iPad"
"ra","Henri","FR","Ranma1/2","2024-10-17 22:00:05","select","0","title_results","iPad"
"ra","Henri","FR","Ranma1/2","2024-10-17 21:33:38","select","0","title_results","iPad"
"gee","Henri","FR","","2024-10-16 20:22:16","play","0","title_results","Set Top Box"
"gee","Henri","FR","Geek Girl","2024-10-16 20:22:11","play","0","title_results","Set Top Box"
"gee","Henri","FR","Geek Girl","2024-10-16 20:22:08","select","0","title_results","Set Top Box"
"gee","Henri","FR","Geek Girl: Season 1: ""Chapter 4""","2024-10-16 18:22:24","play","0","title_results","Set Top Box"
"gee","Henri","FR","Geek Girl","2024-10-16 18:22:21","select","0","title_results","Set Top Box"
"sher","Okona","FR","Les Zinzins de l'espace","2024-10-11 10:49:14","play","0","title_results","Set Top Box"
"sher","Okona","FR","Les Zinzins de l'espace","2024-10-11 10:49:10","select","0","title_results","Set Top Box"
"lo","Henri","FR","Locke & Key","2024-08-10 10:23:48","play","0","title_results","Set Top Box"
"lo","Henri","FR","Locke & Key","2024-08-10 10:02:36","play","0","title_results","Set Top Box"
"lo","Henri","FR","Locke & Key","2024-08-10 10:02:34","select","0","title_results","Set Top Box"
"lo","Henri","FR","Lolita malgré moi","2024-08-10 10:02:20","play","0","title_results","Set Top Box"
"lo","Henri","FR","Lolita malgré moi","2024-08-10 10:02:18","select","0","title_results","Set Top Box"
"lo","Henri","FR","Locke & Key","2024-08-10 10:02:12","select","0","title_results","Set Top Box"
"","Henri","FR","Ils sont partout","2024-08-10 10:01:48","play","0","prequery_results","Set Top Box"
"","Henri","FR","Ils sont partout","2024-08-10 10:01:46","select","0","prequery_results","Set Top Box"
"","Henri","FR","Show bouillant : Pays-Bas et Allemagne","2024-08-07 22:42:24","play","0","prequery_results","iPad"
"","Henri","FR","Show bouillant : Pays-Bas et Allemagne","2024-08-07 22:42:21","select","0","prequery_results","iPad"
"umb","Henri","FR","Umbrella Academy","2024-08-07 22:40:15","select","0","title_results","iPad"
"","Henri","FR","Show bouillant : Pays-Bas et Allemagne","2024-08-07 22:39:44","select","0","prequery_results","iPad"
"mar","Okona","FR","Super Mario Bros, le film","2024-06-30 19:02:50","select","0","title_results","Set Top Box"
"k","Henri","FR","Kotaro en solo","2024-06-29 19:17:21","play","0","title_results","Set Top Box"
"k","Henri","FR","Kotaro en solo","2024-06-29 19:17:12","play","0","title_results","Set Top Box"
"k","Henri","FR","Kotaro en solo","2024-06-29 19:17:10","select","0","title_results","Set Top Box"
"k","Henri","FR","Kotaro en solo","2024-06-29 18:50:42","play","0","title_results","Set Top Box"
"k","Henri","FR","Kotaro en solo","2024-06-29 18:50:38","select","0","title_results","Set Top Box"
"sco","Okona","FR","Scott Pilgrim prend son envol","2024-06-28 20:43:49","play","0","title_results","Set Top Box"
"sco","Okona","FR","Scott Pilgrim prend son envol","2024-06-28 20:43:28","select","0","title_results","Set Top Box"
"f","Okona","FR","Friends","2024-06-24 20:56:03","play","0","title_results","Set Top Box"
"f","Okona","FR","Friends","2024-06-24 20:55:26","play","0","title_results","Set Top Box"
"f","Okona","FR","Friends","2024-06-24 20:55:23","select","0","title_results","Set Top Box"
"fr","Henri","FR","","2024-06-15 12:29:16","play","0","title_results","Set Top Box"
"fr","Henri","FR","","2024-06-15 12:29:13","select","0","title_results","Set Top Box"
"fr","Henri","FR","","2024-06-15 12:29:08","play","0","title_results","Set Top Box"
"fr","Henri","FR","","2024-06-15 12:28:49","select","0","title_results","Set Top Box"
"s","Okona","FR","","2024-05-28 19:28:17","play","0","title_results","Set Top Box"
"s","Okona","FR","","2024-05-28 19:28:13","select","0","title_results","Set Top Box"
"off","Henri","FR","","2024-04-27 12:07:46","play","0","title_results","Set Top Box"
"off","Henri","FR","","2024-04-27 12:07:30","play","0","title_results","Set Top Box"
"off","Henri","FR","","2024-04-27 12:07:22","play","0","title_results","Set Top Box"
"off","Henri","FR","","2024-04-27 12:07:19","select","0","title_results","Set Top Box"
"off","Henri","FR","","2024-04-27 12:07:05","select","0","title_results","Set Top Box"
"gl","Okona","FR","","2024-04-03 10:13:44","add","0","title_results","Set Top Box"
"gl","Okona","FR","","2024-04-03 10:13:43","play","0","title_results","Set Top Box"
"gl","Okona","FR","","2024-04-03 10:13:40","select","0","title_results","Set Top Box"
"bi","Henri","FR","","2024-01-13 13:24:12","play","0","title_results","Set Top Box"
"bi","Henri","FR","","2024-01-13 13:23:55","play","0","title_results","Set Top Box"
"bi","Henri","FR","","2024-01-13 13:23:53","select","0","title_results","Set Top Box"
"bi","Henri","FR","","2024-01-13 13:21:18","play","0","title_results","Set Top Box"
"bi","Henri","FR","","2024-01-13 13:21:15","select","0","title_results","Set Top Box"
"pep","Okona","FR","Pep's","2023-11-04 19:32:55","play","0","title_results","Set Top Box"
"pep","Okona","FR","Pep's","2023-11-04 19:32:52","select","0","title_results","Set Top Box"
"pep","Okona","FR","Pep's","2023-11-04 19:24:59","play","0","title_results","Set Top Box"
"pep","Okona","FR","Pep's","2023-11-04 19:18:50","play","0","title_results","Set Top Box"
"pep","Okona","FR","Pep's","2023-11-04 19:13:05","play","0","title_results","Set Top Box"
"pep","Okona","FR","Pep's","2023-11-04 19:12:54","play","0","title_results","Set Top Box"
"pep","Okona","FR","Pep's","2023-11-04 19:12:51","select","0","title_results","Set Top Box"
"pep","Okona","FR","Pep's","2023-11-04 18:26:58","select","0","title_results","Android Phone"
"al","Okona","FR","","2023-10-18 19:39:40","add","0","title_results","Set Top Box"
"al","Okona","FR","Alice in Borderland","2023-10-18 19:39:38","play","0","title_results","Set Top Box"
"al","Okona","FR","Alice in Borderland","2023-10-18 19:39:36","select","0","title_results","Set Top Box"
"al","Okona","FR","Alice in Borderland","2023-10-18 19:37:50","play","0","title_results","Set Top Box"
"al","Okona","FR","Alice in Borderland","2023-10-18 19:37:47","select","0","title_results","Set Top Box"
"su","Okona","FR","Suits : avocats sur mesure","2023-10-01 19:36:18","play","0","title_results","Set Top Box"
"su","Okona","FR","Suits : avocats sur mesure","2023-10-01 19:36:16","select","0","title_results","Set Top Box"
"su","Henri","FR","Suits : avocats sur mesure","2023-10-01 19:25:30","play","0","title_results","Set Top Box"
"su","Henri","FR","Suits : avocats sur mesure","2023-10-01 19:25:24","select","0","title_results","Set Top Box"
"luc","Okona","FR","Le Tombeau des lucioles","2023-10-01 09:34:11","select","0","suggestion_results","Set Top Box"
"the mask","Henri","FR","Ace Ventura, détective chiens et chats","2023-09-09 19:49:27","select","0","title_results","Android Phone"
"the mask","Henri","FR","","2023-09-09 19:49:25","add","0","title_results","Android Phone"
"the mask","Henri","FR","Mask Girl","2023-09-09 19:49:15","select","0","title_results","Android Phone"
"richie","Okona","FR","Paddington 2","2023-09-02 12:12:41","play","0","title_results","Set Top Box"
"richie","Okona","FR","Paddington 2","2023-09-02 11:36:38","play","0","title_results","Set Top Box"
"richie","Okona","FR","Paddington 2","2023-09-02 10:46:47","play","0","title_results","Set Top Box"
"richie","Okona","FR","Paddington 2","2023-09-02 10:28:31","play","0","title_results","Set Top Box"
"richie","Okona","FR","Paddington 2","2023-09-02 10:28:29","select","0","title_results","Set Top Box"
"rich","Okona","FR","Richie Rich","2023-09-02 10:27:57","select","0","title_results","Set Top Box"
"mas","Henri","FR","The Mask","2023-07-22 20:51:51","select","0","suggestion_results","Set Top Box"
"snow","Henri","FR","Snowpiercer: Season 1: ""First, the Weather Changed""","2023-07-05 21:18:16","play","0","title_results","Android Phone"
"snow","Henri","FR","Snowpiercer: Season 1: ""First, the Weather Changed""","2023-07-05 21:04:56","play","0","title_results","Android Phone"
"snow","Henri","FR","Snowpiercer","2023-07-05 21:04:33","select","0","title_results","Android Phone"
"fri","Henri","FR","Friends","2023-06-03 12:16:52","select","0","title_results","Set Top Box"
"saiki","Henri","FR","The Disastrous Life of Saiki K.: Season 2: ""Episode 2""","2023-05-10 19:21:40","play","0","","HTML 5"
"saiki","Henri","FR","The Disastrous Life of Saiki K.: Season 2: ""Episode 2""","2023-05-10 17:53:24","play","0","","HTML 5"
"new","Okona","FR","New Amsterdam","2023-04-24 19:42:21","play","0","title_results","Set Top Box"
"new","Okona","FR","New Amsterdam","2023-04-24 19:17:03","play","0","title_results","Set Top Box"
"new","Okona","FR","New Amsterdam","2023-04-24 19:17:00","select","0","title_results","Set Top Box"
"ginn","Okona","FR","Ginny & Georgia","2023-04-24 19:13:17","play","0","title_results","Set Top Box"
"ginn","Okona","FR","Ginny & Georgia","2023-04-24 19:13:14","select","0","title_results","Set Top Box"
"si le","Okona","FR","Une amie au poil","2023-04-24 19:11:58","play","0","title_results","Set Top Box"
"si le","Okona","FR","Une amie au poil","2023-04-24 19:11:54","select","0","title_results","Set Top Box"
"100","Henri","FR","Les 100","2023-04-18 11:18:16","play","0","title_results","Set Top Box"
"100","Henri","FR","Les 100","2023-04-18 11:18:12","select","0","title_results","Set Top Box"
"shrek 2","Henri","FR","Shrek 2","2023-03-31 20:21:22","play","0","title_results","HTML 5"
"shrek 2","Henri","FR","Shrek 2","2023-03-31 20:13:00","play","0","title_results","HTML 5"
"it cr","Henri","FR","The IT Crowd","2023-03-22 12:47:45","select","0","title_results","Android Phone"
"bonh","Okona","FR","À la recherche du bonheur","2023-03-12 18:57:08","play","0","title_results","Set Top Box"
"bonh","Okona","FR","À la recherche du bonheur","2023-03-12 18:05:28","play","0","title_results","Set Top Box"
"bonh","Okona","FR","À la recherche du bonheur","2023-03-12 17:26:19","play","0","title_results","Set Top Box"
"bonh","Okona","FR","À la recherche du bonheur","2023-03-12 17:01:05","play","0","title_results","Set Top Box"
"bonh","Okona","FR","À la recherche du bonheur","2023-03-12 16:20:53","play","0","title_results","Set Top Box"
"bonh","Okona","FR","À la recherche du bonheur","2023-03-12 16:20:49","select","0","title_results","Set Top Box"
"pou","Okona","FR","Poupée russe","2023-03-11 21:06:20","play","0","title_results","Set Top Box"
"pou","Okona","FR","Poupée russe","2023-03-11 21:06:16","select","0","title_results","Set Top Box"
"san","Henri","FR","Sandman","2022-10-19 19:19:49","select","0","title_results","Streaming Stick"
"san","Henri","FR","Sandman","2022-10-19 19:19:49","select","0","title_results","Streaming Stick"
"san","Henri","FR","Sandman","2022-10-19 19:02:59","play","0","title_results","Streaming Stick"
"san","Henri","FR","Sandman","2022-10-19 19:02:59","play","0","title_results","Streaming Stick"
"san","Henri","FR","Sandman","2022-10-19 19:02:50","select","0","title_results","Streaming Stick"
"san","Henri","FR","Sandman","2022-10-19 19:02:50","select","0","title_results","Streaming Stick"
"pok","Okona","FR","","2022-10-07 17:58:59","add","0","title_results","MVPD STB"
"pok","Okona","FR","Ratz","2022-10-07 17:58:58","play","0","title_results","MVPD STB"
"pok","Okona","FR","Ratz","2022-10-07 17:58:58","play","0","title_results","MVPD STB"
"pok","Okona","FR","Ratz","2022-10-07 17:58:56","select","0","title_results","MVPD STB"
"pok","Okona","FR","Ratz","2022-10-07 17:58:56","select","0","title_results","MVPD STB"
"pok","Okona","FR","Ratz","2022-10-07 17:58:52","select","0","title_results","MVPD STB"
"pok","Okona","FR","Ratz","2022-10-07 17:58:52","select","0","title_results","MVPD STB"
"pok","Okona","FR","","2022-10-07 17:58:43","add","0","title_results","MVPD STB"
"pok","Okona","FR","Yu-Gi-Oh!","2022-10-07 17:58:40","play","0","title_results","MVPD STB"
"pok","Okona","FR","Yu-Gi-Oh!","2022-10-07 17:58:40","play","0","title_results","MVPD STB"
"pok","Okona","FR","Yu-Gi-Oh!","2022-10-07 17:58:38","select","0","title_results","MVPD STB"
"pok","Okona","FR","Yu-Gi-Oh!","2022-10-07 17:58:38","select","0","title_results","MVPD STB"
"pok","Okona","FR","","2022-10-07 17:58:20","add","0","title_results","MVPD STB"
"pok","Okona","FR","Pokémon, la série : La ligue indigo","2022-10-07 17:58:13","play","0","title_results","MVPD STB"
"pok","Okona","FR","Pokémon, la série : La ligue indigo","2022-10-07 17:58:13","play","0","title_results","MVPD STB"
"pok","Okona","FR","Pokémon, la série : La ligue indigo","2022-10-07 17:58:10","select","0","title_results","MVPD STB"
"pok","Okona","FR","Pokémon, la série : La ligue indigo","2022-10-07 17:58:10","select","0","title_results","MVPD STB"
"pok","Okona","FR","Naruto","2022-10-07 17:57:57","play","0","title_results","MVPD STB"
"pok","Okona","FR","Naruto","2022-10-07 17:57:57","play","0","title_results","MVPD STB"
"pok","Okona","FR","Naruto","2022-10-07 17:57:55","select","0","title_results","MVPD STB"
"pok","Okona","FR","Naruto","2022-10-07 17:57:55","select","0","title_results","MVPD STB"
"pok","Okona","FR","Dinosaur King","2022-10-07 17:57:39","play","0","title_results","MVPD STB"
"pok","Okona","FR","Dinosaur King","2022-10-07 17:57:39","play","0","title_results","MVPD STB"
"pok","Okona","FR","Dinosaur King","2022-10-07 17:57:36","select","0","title_results","MVPD STB"
"pok","Okona","FR","Dinosaur King","2022-10-07 17:57:36","select","0","title_results","MVPD STB"
"spac","Henri","FR","Final Space","2022-10-01 22:15:56","play","0","title_results","MVPD STB"
"spac","Henri","FR","Final Space","2022-10-01 22:15:56","play","0","title_results","MVPD STB"
"spac","Henri","FR","Final Space","2022-10-01 22:15:53","select","0","title_results","MVPD STB"
"spac","Henri","FR","Final Space","2022-10-01 22:15:53","select","0","title_results","MVPD STB"
"","Henri","FR","Sandman","2022-09-12 13:23:50","select","0","prequery_results","Android Phone"
"comm","Henri","FR","Community","2022-09-03 10:06:53","play","0","title_results","MVPD STB"
"comm","Henri","FR","Community","2022-09-03 10:06:53","play","0","title_results","MVPD STB"
"comm","Henri","FR","Community","2022-09-03 10:06:45","select","0","title_results","MVPD STB"
"comm","Henri","FR","Community","2022-09-03 10:06:45","select","0","title_results","MVPD STB"
"de","Henri","FR","Demon Slayer: Kimetsu no Yaiba","2022-08-27 10:27:37","play","0","title_results","MVPD STB"
"de","Henri","FR","Demon Slayer: Kimetsu no Yaiba","2022-08-27 10:27:37","play","0","title_results","MVPD STB"
"de","Henri","FR","Demon Slayer: Kimetsu no Yaiba","2022-08-27 10:27:35","select","0","title_results","MVPD STB"
"de","Henri","FR","Demon Slayer: Kimetsu no Yaiba","2022-08-27 10:27:35","select","0","title_results","MVPD STB"
"lu","Henri","FR","Lucifer","2022-08-17 19:08:51","play","0","title_results","MVPD STB"
"lu","Henri","FR","Lucifer","2022-08-17 19:08:51","play","0","title_results","MVPD STB"
"lu","Henri","FR","Lucifer","2022-08-17 18:33:57","play","0","title_results","MVPD STB"
"lu","Henri","FR","Lucifer","2022-08-17 18:33:57","play","0","title_results","MVPD STB"
"lu","Henri","FR","Lucifer","2022-08-17 18:33:54","select","0","title_results","MVPD STB"
"lu","Henri","FR","Lucifer","2022-08-17 18:33:54","select","0","title_results","MVPD STB"
"oss","Henri","FR","OSS 117 Le Caire nid d'espions","2022-06-07 14:31:39","select","0","suggestion_results","HTML 5"
"oss","Henri","FR","OSS 117: Cairo, Nest of Spies","2022-06-07 14:31:39","select","0","suggestion_results","HTML 5"
"rien que pour vos cheveux","Henri","FR","Le paquet","2022-06-06 17:50:05","play","0","title_results","Set Top Box"
"rien que pour vos cheveux","Henri","FR","Le paquet","2022-06-06 17:50:02","select","0","title_results","Set Top Box"
"","Okona","FR","Air Buddies","2022-05-03 17:01:53","add","0","suggestion_results","Set Top Box"
"","Okona","FR","Air Buddies","2022-05-03 17:01:27","play","0","suggestion_results","Set Top Box"
"","Okona","FR","Air Buddies","2022-05-03 17:01:26","select","0","suggestion_results","Set Top Box"
"","Okona","FR","Air Buddies","2022-05-03 17:01:21","play","0","suggestion_results","Set Top Box"
"","Okona","FR","Air Buddies","2022-05-03 17:01:19","select","0","suggestion_results","Set Top Box"
"","Okona","FR","","2022-05-03 16:58:21","play","0","suggestion_results","Set Top Box"
"","Okona","FR","","2022-05-03 16:58:18","select","0","suggestion_results","Set Top Box"
"","Okona","FR","Benji","2022-05-03 16:58:01","add","0","suggestion_results","Set Top Box"
"","Okona","FR","Benji","2022-05-03 16:55:46","play","0","suggestion_results","Set Top Box"
"","Okona","FR","Benji","2022-05-03 16:55:44","select","0","suggestion_results","Set Top Box"
"","Okona","FR","Scooby-Doo","2022-05-03 16:54:36","add","0","suggestion_results","Set Top Box"
"","Okona","FR","Scooby-Doo","2022-05-03 16:54:31","play","0","suggestion_results","Set Top Box"
"","Okona","FR","Scooby-Doo","2022-05-03 16:54:29","select","0","suggestion_results","Set Top Box"
"","Okona","FR","Scooby-Doo 2: Monsters Unleashed","2022-05-03 16:53:53","add","0","suggestion_results","Set Top Box"
"","Okona","FR","Scooby-Doo 2: Monsters Unleashed","2022-05-03 16:53:38","play","0","suggestion_results","Set Top Box"
"","Okona","FR","Scooby-Doo 2: Monsters Unleashed","2022-05-03 16:53:36","select","0","suggestion_results","Set Top Box"
"","Okona","FR","Storks","2022-05-03 16:53:18","add","0","suggestion_results","Set Top Box"
"","Okona","FR","Storks","2022-05-03 16:53:16","play","0","suggestion_results","Set Top Box"
"","Okona","FR","Storks","2022-05-03 16:53:14","select","0","suggestion_results","Set Top Box"
"","Okona","FR","Casper","2022-05-03 16:52:56","add","0","suggestion_results","Set Top Box"
"","Okona","FR","Casper","2022-05-03 16:52:42","play","0","suggestion_results","Set Top Box"
"","Okona","FR","Casper","2022-05-03 16:52:40","select","0","suggestion_results","Set Top Box"
"","Okona","FR","","2022-05-03 16:52:24","add","0","suggestion_results","Set Top Box"
"","Okona","FR","","2022-05-03 16:48:59","play","0","suggestion_results","Set Top Box"
"","Okona","FR","","2022-05-03 16:48:57","select","0","suggestion_results","Set Top Box"
"","Okona","FR","","2022-05-03 16:48:29","select","0","suggestion_results","Set Top Box"
"","Okona","FR","Sinbad: Legend of the Seven Seas","2022-05-03 16:48:20","select","0","suggestion_results","Set Top Box"
"","Okona","FR","Two Brothers","2022-05-03 16:47:47","play","0","suggestion_results","Set Top Box"
"","Okona","FR","Two Brothers","2022-05-03 16:47:44","select","0","suggestion_results","Set Top Box"
"","Okona","FR","Dragon Quest Your Story","2022-05-03 16:47:34","add","0","suggestion_results","Set Top Box"
"","Okona","FR","Dragon Quest Your Story","2022-05-03 16:46:18","play","0","suggestion_results","Set Top Box"
"","Okona","FR","Dragon Quest Your Story","2022-05-03 16:46:16","select","0","suggestion_results","Set Top Box"
"","Okona","FR","Ghostbusters","2022-05-03 16:45:57","select","0","suggestion_results","Set Top Box"
"","Okona","FR","","2022-05-03 16:45:39","add","0","suggestion_results","Set Top Box"
"","Okona","FR","","2022-05-03 16:45:33","play","0","suggestion_results","Set Top Box"
"","Okona","FR","","2022-05-03 16:45:31","select","0","suggestion_results","Set Top Box"
"","Okona","FR","","2022-05-03 16:44:52","add","0","suggestion_results","Set Top Box"
"","Okona","FR","","2022-05-03 16:44:50","play","0","suggestion_results","Set Top Box"
"","Okona","FR","","2022-05-03 16:44:48","select","0","suggestion_results","Set Top Box"
"","Okona","FR","","2022-05-03 16:43:55","play","0","suggestion_results","Set Top Box"
"","Okona","FR","","2022-05-03 16:43:53","select","0","suggestion_results","Set Top Box"
"","Okona","FR","The Cat Returns","2022-05-03 16:43:32","add","0","suggestion_results","Set Top Box"
"","Okona","FR","The Cat Returns","2022-05-03 16:43:31","play","0","suggestion_results","Set Top Box"
"","Okona","FR","The Cat Returns","2022-05-03 16:43:29","select","0","suggestion_results","Set Top Box"
"","Okona","FR","","2022-05-03 16:43:23","add","0","suggestion_results","Set Top Box"
"","Okona","FR","","2022-05-03 16:43:21","play","0","suggestion_results","Set Top Box"
"","Okona","FR","","2022-05-03 16:43:20","select","0","suggestion_results","Set Top Box"
"","Okona","FR","","2022-05-03 16:43:09","add","0","suggestion_results","Set Top Box"
"","Okona","FR","","2022-05-03 16:41:59","play","0","suggestion_results","Set Top Box"
"","Okona","FR","","2022-05-03 16:41:56","select","0","suggestion_results","Set Top Box"
"","Okona","FR","My Neighbor Totoro","2022-05-03 16:41:39","add","0","suggestion_results","Set Top Box"
"","Okona","FR","My Neighbor Totoro","2022-05-03 16:41:39","play","0","suggestion_results","Set Top Box"
"","Okona","FR","My Neighbor Totoro","2022-05-03 16:41:37","select","0","suggestion_results","Set Top Box"
"","Okona","FR","Howl’s Moving Castle","2022-05-03 16:41:32","add","0","suggestion_results","Set Top Box"
"","Okona","FR","Howl’s Moving Castle","2022-05-03 16:41:32","play","0","suggestion_results","Set Top Box"
"","Okona","FR","Howl’s Moving Castle","2022-05-03 16:41:30","select","0","suggestion_results","Set Top Box"
"","Okona","FR","","2022-05-03 16:41:25","select","0","suggestion_results","Set Top Box"
"anett","Okona","FR","Annette","2022-05-03 11:09:26","select","0","suggestion_results","Set Top Box"
"comm","Henri","FR","Community","2022-04-24 16:06:53","play","0","suggestion_results","Set Top Box"
"comm","Henri","FR","Community","2022-04-24 16:06:40","select","0","suggestion_results","Set Top Box"
"comm","Henri","FR","Community","2022-04-24 16:06:39","select","0","suggestion_results","Set Top Box"
"steve","Henri","FR","Steve Carell","2022-04-18 20:30:19","select","0","suggestion_results","Set Top Box"
"spac","Henri","FR","Space Force","2022-04-18 20:29:52","play","0","title_results","Set Top Box"
"spac","Henri","FR","Space Force","2022-04-18 20:29:50","select","0","title_results","Set Top Box"
"spac","Henri","FR","Space Force","2022-04-18 20:26:12","play","0","title_results","Set Top Box"
"spac","Henri","FR","Space Force","2022-04-18 20:26:09","select","0","title_results","Set Top Box"
"ast","Henri","FR","Astérix & Obélix: Mission Cléopâtre","2022-04-13 18:22:04","select","0","suggestion_results","Set Top Box"
"gl","Henri","FR","Glitter Force","2022-03-31 21:21:42","play","0","title_results","Set Top Box"
"gl","Henri","FR","Glitter Force","2022-03-31 21:21:41","select","0","title_results","Set Top Box"
"gl","Henri","FR","Glee","2022-03-31 21:21:23","play","0","title_results","Set Top Box"
"gl","Henri","FR","Glee","2022-03-31 21:21:21","select","0","title_results","Set Top Box"
"kimm","Henri","FR","Unbreakable Kimmy Schmidt","2022-03-25 19:35:12","play","0","title_results","Set Top Box"
"kimm","Henri","FR","Unbreakable Kimmy Schmidt","2022-03-25 19:35:09","select","0","title_results","Set Top Box"
"40","Henri","FR","40 ans, toujours puceau","2022-03-12 19:02:31","select","0","suggestion_results","Set Top Box"
"clo","Henri","FR","Close Enough","2022-02-12 20:14:45","play","0","title_results","Set Top Box"
"clo","Henri","FR","Close Enough","2022-02-12 20:14:43","select","0","title_results","Set Top Box"
"de","Okona","FR","","2022-02-02 20:22:26","add","0","suggestion_results","Set Top Box"
"de","Okona","FR","Demon Slayer: Kimetsu no Yaiba","2022-02-02 20:22:20","play","0","suggestion_results","Set Top Box"
"de","Okona","FR","Demon Slayer: Kimetsu no Yaiba","2022-02-02 20:22:17","select","0","suggestion_results","Set Top Box"
"de","Okona","FR","Demon Slayer","2022-02-02 20:22:17","select","0","suggestion_results","Set Top Box"
"mewtwo","Henri","FR","Molang","2022-01-20 19:19:47","play","0","title_results","Set Top Box"
"mewtwo","Henri","FR","Molang","2022-01-20 19:19:45","select","0","title_results","Set Top Box"
"sp","Okona","FR","Spy Kids","2021-12-25 23:02:15","play","0","title_results","Set Top Box"
"sp","Okona","FR","Spy Kids","2021-12-25 23:02:12","select","0","title_results","Set Top Box"
"s","Henri","FR","Spider-Man: Homecoming","2021-12-25 22:40:55","play","0","title_results","Set Top Box"
"s","Henri","FR","Spider-Man: Homecoming","2021-12-25 22:40:54","select","0","title_results","Set Top Box"
"fu","Henri","FR","FullMetal Alchemist","2021-12-25 11:39:31","play","0","title_results","Set Top Box"
"fu","Henri","FR","FullMetal Alchemist","2021-12-25 11:39:28","select","0","title_results","Set Top Box"
"tro","Henri","FR","Les Trolls","2021-12-24 18:26:26","play","0","title_results","Set Top Box"
"tro","Henri","FR","Les Trolls","2021-12-24 18:26:23","select","0","title_results","Set Top Box"
"mat","Henri","FR","Matrix Reloaded","2021-12-12 20:36:57","play","0","title_results","Set Top Box"
"mat","Henri","FR","Matrix Reloaded","2021-12-12 19:31:25","play","0","title_results","Set Top Box"
"mat","Henri","FR","Matrix Reloaded","2021-12-12 18:22:39","play","0","title_results","Set Top Box"
"mat","Henri","FR","Matrix Reloaded","2021-12-12 18:22:35","select","0","title_results","Set Top Box"
"jeu","Henri","FR","Le jeu de la dame","2021-12-12 14:04:07","play","0","title_results","Set Top Box"
"jeu","Henri","FR","Le jeu de la dame","2021-12-12 14:04:04","select","0","title_results","Set Top Box"
"i ","Okona","FR","I, Robot","2021-12-02 18:36:00","select","0","suggestion_results","Set Top Box"
"tous","Henri","FR","Le Monde secret des Emojis","2021-11-18 19:26:32","play","0","suggestion_results","Set Top Box"
"tous","Henri","FR","Le Monde secret des Emojis","2021-11-18 19:26:31","select","0","suggestion_results","Set Top Box"
"tous","Henri","FR","Le Monde secret des Emojis","2021-11-18 19:26:11","play","0","suggestion_results","Set Top Box"
"tous","Henri","FR","Le Monde secret des Emojis","2021-11-18 19:26:09","select","0","suggestion_results","Set Top Box"
"tous","Henri","FR","Tous en scène","2021-11-18 19:26:03","select","0","suggestion_results","Set Top Box"
"mib","Henri","JP","Men in Black 3","2021-11-02 19:46:59","select","0","title_results","Set Top Box"
"mib","Henri","FR","Men in Black 3","2021-11-02 19:44:52","select","0","title_results","Set Top Box"
"anniv","Henri","FR","Chansons d'anniversaire","2021-11-02 19:17:58","select","0","suggestion_results","Set Top Box"
"anniv","Henri","FR","Roi Julian ! L'élu des lémurs : Joyeux anniversaire","2021-11-02 19:16:20","play","0","title_results","Set Top Box"
"anniv","Henri","FR","Roi Julian ! L'élu des lémurs : Joyeux anniversaire","2021-11-02 19:16:18","select","0","title_results","Set Top Box"
"anniv","Henri","FR","Miraculous, les aventures de Ladybug et Chat Noir : Joyeux anniversaire","2021-11-02 19:15:18","play","0","title_results","Set Top Box"
"anniv","Henri","FR","Miraculous, les aventures de Ladybug et Chat Noir : Joyeux anniversaire","2021-11-02 19:15:16","select","0","title_results","Set Top Box"
"anniv","Henri","FR","Barbie : Joyeux anniversaire","2021-11-02 19:14:15","play","0","title_results","Set Top Box"
"anniv","Henri","FR","Barbie : Joyeux anniversaire","2021-11-02 19:14:13","select","0","title_results","Set Top Box"
"magician","Henri","US","The Magician","2021-10-26 12:55:14","select","0","suggestion_results","Set Top Box"
"remini","Henri","US","La Toile","2021-10-26 04:53:37","select","0","title_results","Android Phone"
"remini","Henri","US","La Toile","2021-10-26 04:53:36","select","0","title_results","Android Phone"
"remini","Henri","US","Sweet Girl","2021-10-26 04:53:34","select","0","title_results","Android Phone"
"charmed","Henri","US","Destin : La saga Winx","2021-10-25 12:35:34","play","0","suggestion_results","Set Top Box"
"charmed","Henri","US","Destin : La saga Winx","2021-10-25 12:35:31","select","0","suggestion_results","Set Top Box"
"charmed","Henri","US","Charmed","2021-10-25 12:35:22","select","0","suggestion_results","Set Top Box"
"ready","Henri","FR","Ready Player One","2021-10-10 18:59:44","play","0","title_results","Set Top Box"
"ready","Henri","FR","Ready Player One","2021-10-10 18:59:42","select","0","title_results","Set Top Box"
"bel","Henri","FR","Jean-Paul Belmondo","2021-09-17 19:18:17","select","0","suggestion_results","Set Top Box"
"men","Henri","FR","Men in Black: International","2021-09-09 18:54:22","select","0","suggestion_results","Set Top Box"
"men in","Henri","FR","R.I.P.D.","2021-08-27 21:29:19","add","0","title_results","Set Top Box"
"men in","Henri","FR","R.I.P.D. Brigade Fantôme","2021-08-27 21:29:18","play","0","title_results","Set Top Box"
"men in","Henri","FR","R.I.P.D. Brigade Fantôme","2021-08-27 21:29:16","select","0","title_results","Set Top Box"
"me","Henri","FR","Men in Black 3","2021-08-27 19:46:53","play","0","title_results","Set Top Box"
"me","Henri","FR","Men in Black 3","2021-08-27 19:46:51","select","0","title_results","Set Top Box"
"commu","Henri","FR","Community","2021-08-25 20:15:01","play","0","title_results","Set Top Box"
"commu","Henri","FR","Community","2021-08-25 20:14:38","select","0","title_results","Set Top Box"
"commu","Henri","FR","Community","2021-08-25 20:14:33","select","0","title_results","Set Top Box"
"me","Henri","FR","Men in Black II","2021-08-24 18:38:32","play","0","title_results","Set Top Box"
"me","Henri","FR","Men in Black II","2021-08-24 18:38:29","select","0","title_results","Set Top Box"
"bjac","Henri","FR","Black Mirror","2021-08-24 10:16:45","play","0","title_results","Set Top Box"
"bjac","Henri","FR","Black Mirror","2021-08-24 10:16:32","play","0","title_results","Set Top Box"
"bjac","Henri","FR","Black Mirror","2021-08-24 10:16:29","select","0","title_results","Set Top Box"
"me","Henri","FR","Men in Black","2021-08-22 20:23:47","play","0","title_results","Set Top Box"
"me","Henri","FR","Men in Black","2021-08-22 19:22:12","play","0","title_results","Set Top Box"
"me","Henri","FR","Men in Black","2021-08-22 18:46:56","play","0","title_results","Set Top Box"
"me","Henri","FR","Men in Black","2021-08-22 18:30:12","play","0","title_results","Set Top Box"
"me","Henri","FR","Men in Black","2021-08-22 18:30:09","select","0","title_results","Set Top Box"
"bab","Henri","FR","Baby Boss","2021-08-21 20:06:44","select","0","suggestion_results","Set Top Box"
"ar","Henri","FR","Suicide Squad","2021-08-04 19:47:49","play","0","title_results","Set Top Box"
"ar","Henri","FR","Suicide Squad","2021-08-04 19:42:49","play","0","title_results","Set Top Box"
"ar","Henri","FR","Suicide Squad","2021-08-04 19:42:47","select","0","title_results","Set Top Box"
"ar","Henri","FR","Archer","2021-08-04 19:05:39","play","0","title_results","Set Top Box"
"ar","Henri","FR","Archer","2021-08-04 19:05:25","play","0","title_results","Set Top Box"
"ar","Henri","FR","Archer","2021-08-04 19:05:23","select","0","title_results","Set Top Box"
"tintin","Henri","FR","Tintin et les oranges bleus","2021-07-31 21:54:46","select","0","suggestion_results","HTML 5"
"tintin","Henri","FR","Tintin et le Mystère de la Toison d'Or","2021-07-31 21:54:41","select","0","suggestion_results","HTML 5"
"alt","Henri","FR","","2021-07-23 14:42:17","play","0","suggestion_results","Set Top Box"
"alt","Henri","FR","","2021-07-23 14:42:15","select","0","suggestion_results","Set Top Box"
"alt","Henri","FR","","2021-07-23 14:41:40","play","0","suggestion_results","Set Top Box"
"alt","Henri","FR","","2021-07-23 14:41:37","select","0","suggestion_results","Set Top Box"
"alt","Henri","FR","","2021-07-23 14:41:33","select","0","suggestion_results","Set Top Box"
"clo","Henri","FR","","2021-07-17 12:43:55","play","0","title_results","Set Top Box"
"clo","Henri","FR","","2021-07-17 12:43:53","select","0","title_results","Set Top Box"
"will","Henri","FR","","2021-07-15 22:58:11","play","0","suggestion_results","Set Top Box"
"will","Henri","FR","","2021-07-15 22:58:09","select","0","suggestion_results","Set Top Box"
"will","Henri","FR","","2021-07-15 22:57:24","select","0","suggestion_results","Set Top Box"
"jim","Henri","FR","","2021-07-15 22:57:03","play","0","suggestion_results","Set Top Box"
"jim","Henri","FR","","2021-07-15 22:57:01","select","0","suggestion_results","Set Top Box"
"jim","Henri","FR","","2021-07-15 22:56:59","select","0","suggestion_results","Set Top Box"
"jim","Henri","FR","","2021-07-15 22:56:12","select","0","suggestion_results","Set Top Box"
"jim carrey","Henri","FR","","2021-07-15 22:49:13","select","0","title_results","Android Phone"
"scot","Henri","FR","","2021-06-30 19:02:43","play","0","title_results","Set Top Box"
"scot","Henri","FR","","2021-06-30 19:02:41","select","0","title_results","Set Top Box"
"chri","Henri","FR","","2021-06-29 19:15:34","select","0","suggestion_results","Set Top Box"
"sketch","Henri","FR","","2021-06-25 10:14:29","select","0","suggestion_results","Android Phone"
"sketch","Henri","FR","","2021-06-25 10:14:09","select","0","suggestion_results","Android Phone"
"em","Henri","FR","","2021-06-09 19:03:15","play","0","title_results","Set Top Box"
"em","Henri","FR","","2021-06-09 19:03:13","select","0","title_results","Set Top Box"
"space dandy","Henri","FR","Space Dandy: Season 1: ""The Search for the Phantom Space Ramen, Baby""","2021-05-20 11:08:50","play","0","","HTML 5"
"space dandy","Henri","FR","","2021-05-20 11:08:32","play","0","","HTML 5"
"glee","Henri","FR","","2021-04-14 21:52:17","play","0","","Set Top Box"
"glee","Henri","FR","","2021-04-14 21:52:15","select","0","","Set Top Box"
"glee","Henri","FR","","2021-04-14 21:52:08","play","0","","Set Top Box"
"glee","Henri","FR","","2021-04-14 21:52:05","select","0","","Set Top Box"
"marv","Henri","FR","","2021-04-11 19:18:42","select","0","","Set Top Box"
"maison","Henri","FR","","2021-04-10 21:24:49","play","0","","Set Top Box"
"maison","Henri","FR","","2021-04-10 21:24:34","play","0","","Set Top Box"
"maison","Henri","FR","","2021-04-10 21:24:32","select","0","","Set Top Box"
"maison","Henri","FR","","2021-04-10 21:24:27","play","0","","Set Top Box"
"maison","Henri","FR","","2021-04-10 21:24:26","select","0","","Set Top Box"
"maison","Henri","FR","","2021-04-10 21:24:11","play","0","","Set Top Box"
"maison","Henri","FR","","2021-04-10 21:24:09","select","0","","Set Top Box"
"maison","Henri","FR","","2021-04-10 21:24:01","play","0","","Set Top Box"
"maison","Henri","FR","","2021-04-10 21:23:59","select","0","","Set Top Box"
"maison","Henri","FR","","2021-04-10 21:23:48","play","0","","Set Top Box"
"maison","Henri","FR","","2021-04-10 21:23:45","select","0","","Set Top Box"
"suits","Henri","FR","","2021-04-09 20:01:32","select","0","","Android Phone"
"blac","Henri","FR","","2021-03-26 21:06:54","add","0","","Set Top Box"
"blac","Henri","FR","","2021-03-26 21:06:53","play","0","","Set Top Box"
"blac","Henri","FR","","2021-03-26 21:06:51","select","0","","Set Top Box"
"blac","Henri","FR","","2021-03-26 21:06:27","play","0","","Set Top Box"
"blac","Henri","FR","","2021-03-26 21:06:26","select","0","","Set Top Box"
"blac","Henri","FR","","2021-03-26 20:57:50","play","0","","Set Top Box"
"blac","Henri","FR","","2021-03-26 20:57:48","select","0","","Set Top Box"
"blac","Henri","FR","Black","2021-03-26 20:57:47","select","0","","Set Top Box"
"blac","Henri","FR","Black Panther","2021-03-26 20:57:37","select","0","","Set Top Box"
"adv","Henri","FR","","2021-02-21 13:23:55","play","0","","Set Top Box"
"adv","Henri","FR","","2021-02-21 13:23:53","select","0","","Set Top Box"
"adv","Henri","FR","","2021-02-21 13:11:24","play","0","","Set Top Box"
"adv","Henri","FR","","2021-02-21 13:10:42","play","0","","Set Top Box"
"adv","Henri","FR","","2021-02-21 13:10:39","select","0","","Set Top Box"
"bea","Okona","FR","","2021-02-20 14:43:16","play","0","","Set Top Box"
"bea","Okona","FR","","2021-02-20 14:42:53","play","0","","Set Top Box"
"bea","Okona","FR","","2021-02-20 14:42:51","select","0","","Set Top Box"
"bea","Okona","FR","","2021-02-20 14:42:47","add","0","","Set Top Box"
"bea","Okona","FR","","2021-02-20 14:42:37","play","0","","Set Top Box"
"bea","Okona","FR","","2021-02-20 14:42:36","select","0","","Set Top Box"
"rick ","Henri","FR","","2020-10-16 20:56:41","select","0","","Android Phone"
"mya","Henri","FR","Ponyo","2020-10-11 18:36:18","play","0","","Android Phone"
"mya","Henri","FR","Ponyo","2020-10-11 18:36:14","select","0","","Android Phone"
"watchmen","Henri","FR","Watchmen","2020-10-02 22:03:40","select","0","","Android Phone"
"watchmen","Henri","FR","","2020-10-02 22:03:24","select","0","","Android Phone"
"watchmen","Henri","FR","In the Shadow of the Moon","2020-10-02 22:03:02","select","0","","Android Phone"
"watchmen","Henri","FR","Enola Holmes","2020-10-02 22:02:47","select","0","","Android Phone"
"watchmen","Henri","FR","","2020-10-02 22:02:40","select","0","","Android Phone"
"watchmen","Henri","FR","","2020-10-02 22:02:13","select","0","","Android Phone"
"watchmen","Henri","FR","","2020-10-02 22:02:02","select","0","","Android Phone"
"watchmen","Henri","FR","","2020-10-02 22:01:50","select","0","","Android Phone"
"commu","Henri","FR","","2020-10-01 18:11:00","select","0","","Android Phone"
"bad ","Henri","FR","Bad Boys","2020-09-26 19:55:52","select","0","","Android Phone"
"dead or ali","Henri","FR","The Babysitter","2020-09-26 19:53:32","add","0","","Android Phone"
"dead or ali","Henri","FR","The Babysitter","2020-09-26 19:53:21","select","0","","Android Phone"
"dead or ali","Henri","FR","DOA: Dead or Alive","2020-09-26 19:53:03","select","0","","Android Phone"
"dragonball evolution","Henri","FR","Dragonball: Evolution","2020-09-26 19:52:49","select","0","","Android Phone"
"dragonball evolution","Henri","FR","The Sleepover","2020-09-26 19:52:40","select","0","","Android Phone"
"dragonball evolution","Henri","FR","","2020-09-26 19:52:15","select","0","","Android Phone"
"joyeux anniversaire","Henri","FR","Miraculous: Ladybug & Cat Noir: Happy Birthday to You!","2020-09-26 19:17:33","select","0","","Android Phone"
"joyeux anniversaire","Henri","FR","All Hail King Julien: Happy Birthday to You!","2020-09-26 19:16:09","select","0","","Android Phone"
"joyeux anniversaire","Henri","FR","","2020-09-26 19:16:03","select","0","","Android Phone"
"joyeux anniversaire","Henri","FR","Barbie: Happy Birthday to You!","2020-09-26 19:14:50","select","0","","Android Phone"
"joyeux anniversaire","Henri","FR","My Little Pony: Happy Birthday to You!","2020-09-26 19:14:06","select","0","","Android Phone"
"joyeux anniversaire","Henri","FR","Pokémon: Happy Birthday to You!","2020-09-26 19:13:05","select","0","","Android Phone"
"pop ","Henri","FR","Barbie Dolphin Magic","2020-09-26 19:12:46","select","0","","Android Phone"
"pop ","Henri","FR","","2020-09-26 19:11:53","select","0","","Android Phone"
