"Country","Esn","Ip","Device Description","Ts","Region Code"
"FR","NFCDCH-LX-MDXC4KMK7KHHH1A1N2WG8HTHP5X27R","83.204.8.247","Netflix Chrome Linux (Cadmium) HTML 5","2025-09-20 13:31:02","ARA"
"FR","NFCDCH-LX-M3YEPAQMVPWAJMPEY8D6H8F7PLXQU1","193.253.217.115","Netflix Chrome Linux (Cadmium) HTML 5","2025-06-03 17:54:34","GES"
"FR","NFCDCH-LX-LXX7M4R6F9R79YTMKVGTGVKLC2DYYN","90.38.67.25","Netflix Chrome Linux (Cadmium) HTML 5","2025-03-22 11:27:11","ARA"
"FR","NFAPPL-02-IPHONE14=3-C14DEDDF04502E8393858FB4AE2A61AE6AC756C08ADD4902B62DAF653068717C","2a01:cb1e:0:f520:7112:fe73:8091:8980","Apple iPhone 13 Pro Max","2025-02-25 18:27:13","ARA"
"FR","NFCDCH-AP-LVW2GY3KKE3JTRF6KYMMLR4XKYC365","90.38.67.25","Netflix Android Phone-Chrome Android Phone","2025-02-25 18:21:53","ARA"
"FR","NFCDCH-AP-LVW2GY3KKE3JTRF6KYMMLR4XKYC365","90.38.67.25","Netflix Android Phone-Chrome Android Phone","2025-02-25 18:20:54","ARA"
