"Transaction Date","Country","Mop Last 4","Final Invoice Result","Mop Pmt Processor Desc","Pmt Txn Type","Description","Gross Sale Amt","Pmt Status","Payment Type","Tax Amt","Service Period Start Date","Item Price Amt","Mop Creation Date","Currency","Next Billing Date","Service Period End Date"
"2025-09-16","FR","B-4YG597878M881311L","SETTLED","PAYPAL","SALE","SUBSCRIPTION","14.99","NEW","PAYPAL","2.5","2025-09-16","14.99","2014-09-15","EUR","2025-10-16","2025-10-15"
"2025-09-16","FR","B-4YG597878M881311L","","","SALE","payment_transaction","14.99","APPROVED","PAYPAL","","","","","EUR","",""
"2025-09-16","FR","B-4YG597878M881311L","SETTLED","PAYPAL","SALE","SUBSCRIPTION","14.99","APPROVED","PAYPAL","2.5","2025-09-16","14.99","2014-09-15","EUR","2025-10-16","2025-10-15"
"2025-09-16","FR","B-4YG597878M881311L","","","SALE","payment_transaction","14.99","NEW","PAYPAL","","","","","EUR","",""
"2025-08-16","FR","B-4YG597878M881311L","","","SALE","payment_transaction","14.99","APPROVED","PAYPAL","","","","","EUR","",""
"2025-08-16","FR","B-4YG597878M881311L","","","SALE","payment_transaction","14.99","NEW","PAYPAL","","","","","EUR","",""
"2025-08-16","FR","B-4YG597878M881311L","SETTLED","PAYPAL","SALE","SUBSCRIPTION","14.99","NEW","PAYPAL","2.5","2025-08-16","14.99","2014-09-15","EUR","2025-09-16","2025-09-15"
"2025-08-16","FR","B-4YG597878M881311L","SETTLED","PAYPAL","SALE","SUBSCRIPTION","14.99","APPROVED","PAYPAL","2.5","2025-08-16","14.99","2014-09-15","EUR","2025-09-16","2025-09-15"
"2025-07-16","FR","B-4YG597878M881311L","","","SALE","payment_transaction","14.99","NEW","PAYPAL","","","","","EUR","",""
"2025-07-16","FR","B-4YG597878M881311L","SETTLED","PAYPAL","SALE","SUBSCRIPTION","14.99","NEW","PAYPAL","2.5","2025-07-16","14.99","2014-09-15","EUR","2025-08-16","2025-08-15"
"2025-07-16","FR","B-4YG597878M881311L","","","SALE","payment_transaction","14.99","APPROVED","PAYPAL","","","","","EUR","",""
"2025-07-16","FR","B-4YG597878M881311L","SETTLED","PAYPAL","SALE","SUBSCRIPTION","14.99","APPROVED","PAYPAL","2.5","2025-07-16","14.99","2014-09-15","EUR","2025-08-16","2025-08-15"
"2025-06-16","FR","B-4YG597878M881311L","SETTLED","PAYPAL","SALE","SUBSCRIPTION","14.99","APPROVED","PAYPAL","2.5","2025-06-16","14.99","2014-09-15","EUR","2025-07-16","2025-07-15"
"2025-06-16","FR","B-4YG597878M881311L","","","SALE","payment_transaction","14.99","APPROVED","PAYPAL","","","","","EUR","",""
"2025-06-16","FR","B-4YG597878M881311L","SETTLED","PAYPAL","SALE","SUBSCRIPTION","14.99","NEW","PAYPAL","2.5","2025-06-16","14.99","2014-09-15","EUR","2025-07-16","2025-07-15"
"2025-06-16","FR","B-4YG597878M881311L","","","SALE","payment_transaction","14.99","NEW","PAYPAL","","","","","EUR","",""
"2025-05-16","FR","B-4YG597878M881311L","SETTLED","PAYPAL","SALE","SUBSCRIPTION","13.49","APPROVED","PAYPAL","2.25","2025-05-16","13.49","2014-09-15","EUR","2025-06-16","2025-06-15"
"2025-05-16","FR","B-4YG597878M881311L","SETTLED","PAYPAL","SALE","SUBSCRIPTION","13.49","NEW","PAYPAL","2.25","2025-05-16","13.49","2014-09-15","EUR","2025-06-16","2025-06-15"
"2025-05-16","FR","B-4YG597878M881311L","","","SALE","payment_transaction","13.49","APPROVED","PAYPAL","","","","","EUR","",""
"2025-05-16","FR","B-4YG597878M881311L","","","SALE","payment_transaction","13.49","NEW","PAYPAL","","","","","EUR","",""
"2025-04-16","FR","B-4YG597878M881311L","SETTLED","PAYPAL","SALE","SUBSCRIPTION","13.49","NEW","PAYPAL","2.25","2025-04-16","13.49","2014-09-15","EUR","2025-05-16","2025-05-15"
"2025-04-16","FR","B-4YG597878M881311L","SETTLED","PAYPAL","SALE","SUBSCRIPTION","13.49","APPROVED","PAYPAL","2.25","2025-04-16","13.49","2014-09-15","EUR","2025-05-16","2025-05-15"
"2025-04-16","FR","B-4YG597878M881311L","","","SALE","payment_transaction","13.49","APPROVED","PAYPAL","","","","","EUR","",""
"2025-04-16","FR","B-4YG597878M881311L","","","SALE","payment_transaction","13.49","NEW","PAYPAL","","","","","EUR","",""
"2025-03-16","FR","B-4YG597878M881311L","","","SALE","payment_transaction","13.49","APPROVED","PAYPAL","","","","","EUR","",""
"2025-03-16","FR","B-4YG597878M881311L","","","SALE","payment_transaction","13.49","NEW","PAYPAL","","","","","EUR","",""
"2025-03-16","FR","B-4YG597878M881311L","SETTLED","PAYPAL","SALE","SUBSCRIPTION","13.49","APPROVED","PAYPAL","2.25","2025-03-16","13.49","2014-09-15","EUR","2025-04-16","2025-04-15"
"2025-03-16","FR","B-4YG597878M881311L","SETTLED","PAYPAL","SALE","SUBSCRIPTION","13.49","NEW","PAYPAL","2.25","2025-03-16","13.49","2014-09-15","EUR","2025-04-16","2025-04-15"
"2025-02-16","FR","B-4YG597878M881311L","SETTLED","PAYPAL","SALE","SUBSCRIPTION","13.49","NEW","PAYPAL","2.25","2025-02-16","13.49","2014-09-15","EUR","2025-03-16","2025-03-15"
"2025-02-16","FR","B-4YG597878M881311L","","","SALE","payment_transaction","13.49","APPROVED","PAYPAL","","","","","EUR","",""
"2025-02-16","FR","B-4YG597878M881311L","","","SALE","payment_transaction","13.49","NEW","PAYPAL","","","","","EUR","",""
"2025-02-16","FR","B-4YG597878M881311L","SETTLED","PAYPAL","SALE","SUBSCRIPTION","13.49","APPROVED","PAYPAL","2.25","2025-02-16","13.49","2014-09-15","EUR","2025-03-16","2025-03-15"
"2025-01-16","FR","B-4YG597878M881311L","","","SALE","payment_transaction","13.49","NEW","PAYPAL","","","","","EUR","",""
"2025-01-16","FR","B-4YG597878M881311L","SETTLED","PAYPAL","SALE","SUBSCRIPTION","13.49","NEW","PAYPAL","2.25","2025-01-16","13.49","2014-09-15","EUR","2025-02-16","2025-02-15"
"2025-01-16","FR","B-4YG597878M881311L","SETTLED","PAYPAL","SALE","SUBSCRIPTION","13.49","APPROVED","PAYPAL","2.25","2025-01-16","13.49","2014-09-15","EUR","2025-02-16","2025-02-15"
"2025-01-16","FR","B-4YG597878M881311L","","","SALE","payment_transaction","13.49","APPROVED","PAYPAL","","","","","EUR","",""
"2024-12-16","FR","B-4YG597878M881311L","","","SALE","payment_transaction","13.49","NEW","PAYPAL","","","","","EUR","",""
"2024-12-16","FR","B-4YG597878M881311L","SETTLED","PAYPAL","SALE","SUBSCRIPTION","13.49","APPROVED","PAYPAL","2.25","2024-12-16","13.49","2014-09-15","EUR","2025-01-16","2025-01-15"
"2024-12-16","FR","B-4YG597878M881311L","","","SALE","payment_transaction","13.49","APPROVED","PAYPAL","","","","","EUR","",""
"2024-12-16","FR","B-4YG597878M881311L","SETTLED","PAYPAL","SALE","SUBSCRIPTION","13.49","NEW","PAYPAL","2.25","2024-12-16","13.49","2014-09-15","EUR","2025-01-16","2025-01-15"
"2024-11-16","FR","B-4YG597878M881311L","","","SALE","payment_transaction","13.49","NEW","PAYPAL","","","","","EUR","",""
"2024-11-16","FR","B-4YG597878M881311L","SETTLED","PAYPAL","SALE","SUBSCRIPTION","13.49","NEW","PAYPAL","2.25","2024-11-16","13.49","2014-09-15","EUR","2024-12-16","2024-12-15"
"2024-11-16","FR","B-4YG597878M881311L","","","SALE","payment_transaction","13.49","APPROVED","PAYPAL","","","","","EUR","",""
"2024-11-16","FR","B-4YG597878M881311L","SETTLED","PAYPAL","SALE","SUBSCRIPTION","13.49","APPROVED","PAYPAL","2.25","2024-11-16","13.49","2014-09-15","EUR","2024-12-16","2024-12-15"
"2024-10-16","FR","B-4YG597878M881311L","SETTLED","PAYPAL","SALE","SUBSCRIPTION","13.49","NEW","PAYPAL","2.25","2024-10-16","13.49","2014-09-15","EUR","2024-11-16","2024-11-15"
"2024-10-16","FR","B-4YG597878M881311L","","","SALE","payment_transaction","13.49","APPROVED","PAYPAL","","","","","EUR","",""
"2024-10-16","FR","B-4YG597878M881311L","SETTLED","PAYPAL","SALE","SUBSCRIPTION","13.49","APPROVED","PAYPAL","2.25","2024-10-16","13.49","2014-09-15","EUR","2024-11-16","2024-11-15"
"2024-10-16","FR","B-4YG597878M881311L","","","SALE","payment_transaction","13.49","NEW","PAYPAL","","","","","EUR","",""
"2024-09-16","FR","B-4YG597878M881311L","SETTLED","PAYPAL","SALE","SUBSCRIPTION","13.49","APPROVED","PAYPAL","2.25","2024-09-16","13.49","2014-09-15","EUR","2024-10-16","2024-10-15"
"2024-09-16","FR","B-4YG597878M881311L","","","SALE","payment_transaction","13.49","NEW","PAYPAL","","","","","EUR","",""
"2024-09-16","FR","B-4YG597878M881311L","","","SALE","payment_transaction","13.49","APPROVED","PAYPAL","","","","","EUR","",""
"2024-09-16","FR","B-4YG597878M881311L","SETTLED","PAYPAL","SALE","SUBSCRIPTION","13.49","NEW","PAYPAL","2.25","2024-09-16","13.49","2014-09-15","EUR","2024-10-16","2024-10-15"
"2024-08-16","FR","B-4YG597878M881311L","","","SALE","payment_transaction","13.49","APPROVED","PAYPAL","","","","","EUR","",""
"2024-08-16","FR","B-4YG597878M881311L","","","SALE","payment_transaction","13.49","NEW","PAYPAL","","","","","EUR","",""
"2024-08-16","FR","B-4YG597878M881311L","SETTLED","PAYPAL","SALE","SUBSCRIPTION","13.49","APPROVED","PAYPAL","2.25","2024-08-16","13.49","2014-09-15","EUR","2024-09-16","2024-09-15"
"2024-08-16","FR","B-4YG597878M881311L","SETTLED","PAYPAL","SALE","SUBSCRIPTION","13.49","NEW","PAYPAL","2.25","2024-08-16","13.49","2014-09-15","EUR","2024-09-16","2024-09-15"
"2024-07-16","FR","B-4YG597878M881311L","SETTLED","PAYPAL","SALE","SUBSCRIPTION","13.49","APPROVED","PAYPAL","2.25","2024-07-16","13.49","2014-09-15","EUR","2024-08-16","2024-08-15"
"2024-07-16","FR","B-4YG597878M881311L","","","SALE","payment_transaction","13.49","NEW","PAYPAL","","","","","EUR","",""
"2024-07-16","FR","B-4YG597878M881311L","SETTLED","PAYPAL","SALE","SUBSCRIPTION","13.49","NEW","PAYPAL","2.25","2024-07-16","13.49","2014-09-15","EUR","2024-08-16","2024-08-15"
"2024-07-16","FR","B-4YG597878M881311L","","","SALE","payment_transaction","13.49","APPROVED","PAYPAL","","","","","EUR","",""
"2024-06-16","FR","B-4YG597878M881311L","","","SALE","payment_transaction","13.49","NEW","PAYPAL","","","","","EUR","",""
"2024-06-16","FR","B-4YG597878M881311L","","","SALE","payment_transaction","13.49","APPROVED","PAYPAL","","","","","EUR","",""
"2024-06-16","FR","B-4YG597878M881311L","SETTLED","PAYPAL","SALE","SUBSCRIPTION","13.49","APPROVED","PAYPAL","2.25","2024-06-16","13.49","2014-09-15","EUR","2024-07-16","2024-07-15"
"2024-06-16","FR","B-4YG597878M881311L","SETTLED","PAYPAL","SALE","SUBSCRIPTION","13.49","NEW","PAYPAL","2.25","2024-06-16","13.49","2014-09-15","EUR","2024-07-16","2024-07-15"
"2024-05-16","FR","B-4YG597878M881311L","","","SALE","payment_transaction","13.49","NEW","PAYPAL","","","","","EUR","",""
"2024-05-16","FR","B-4YG597878M881311L","SETTLED","PAYPAL","SALE","SUBSCRIPTION","13.49","NEW","PAYPAL","2.25","2024-05-16","13.49","2014-09-15","EUR","2024-06-16","2024-06-15"
"2024-05-16","FR","B-4YG597878M881311L","SETTLED","PAYPAL","SALE","SUBSCRIPTION","13.49","APPROVED","PAYPAL","2.25","2024-05-16","13.49","2014-09-15","EUR","2024-06-16","2024-06-15"
"2024-05-16","FR","B-4YG597878M881311L","","","SALE","payment_transaction","13.49","APPROVED","PAYPAL","","","","","EUR","",""
"2024-04-16","FR","B-4YG597878M881311L","SETTLED","PAYPAL","SALE","SUBSCRIPTION","13.49","APPROVED","PAYPAL","2.25","2024-04-16","13.49","2014-09-15","EUR","2024-05-16","2024-05-15"
"2024-04-16","FR","B-4YG597878M881311L","SETTLED","PAYPAL","SALE","SUBSCRIPTION","13.49","NEW","PAYPAL","2.25","2024-04-16","13.49","2014-09-15","EUR","2024-05-16","2024-05-15"
"2024-04-16","FR","B-4YG597878M881311L","","","SALE","payment_transaction","13.49","APPROVED","PAYPAL","","","","","EUR","",""
"2024-04-16","FR","B-4YG597878M881311L","","","SALE","payment_transaction","13.49","NEW","PAYPAL","","","","","EUR","",""
"2024-03-16","FR","B-4YG597878M881311L","SETTLED","PAYPAL","SALE","SUBSCRIPTION","13.49","NEW","PAYPAL","2.25","2024-03-16","13.49","2014-09-15","EUR","2024-04-16","2024-04-15"
"2024-03-16","FR","B-4YG597878M881311L","","","SALE","payment_transaction","13.49","NEW","PAYPAL","","","","","EUR","",""
"2024-03-16","FR","B-4YG597878M881311L","","","SALE","payment_transaction","13.49","APPROVED","PAYPAL","","","","","EUR","",""
"2024-03-16","FR","B-4YG597878M881311L","SETTLED","PAYPAL","SALE","SUBSCRIPTION","13.49","APPROVED","PAYPAL","2.25","2024-03-16","13.49","2014-09-15","EUR","2024-04-16","2024-04-15"
"2024-02-16","FR","B-4YG597878M881311L","SETTLED","PAYPAL","SALE","SUBSCRIPTION","13.49","APPROVED","PAYPAL","2.25","2024-02-16","13.49","2014-09-15","EUR","2024-03-16","2024-03-15"
"2024-02-16","FR","B-4YG597878M881311L","SETTLED","PAYPAL","SALE","SUBSCRIPTION","13.49","NEW","PAYPAL","2.25","2024-02-16","13.49","2014-09-15","EUR","2024-03-16","2024-03-15"
"2024-02-16","FR","B-4YG597878M881311L","","","SALE","payment_transaction","13.49","APPROVED","PAYPAL","","","","","EUR","",""
"2024-02-16","FR","B-4YG597878M881311L","","","SALE","payment_transaction","13.49","NEW","PAYPAL","","","","","EUR","",""
"2024-01-16","FR","B-4YG597878M881311L","","","SALE","payment_transaction","13.49","APPROVED","PAYPAL","","","","","EUR","",""
"2024-01-16","FR","B-4YG597878M881311L","SETTLED","PAYPAL","SALE","SUBSCRIPTION","13.49","NEW","PAYPAL","2.25","2024-01-16","13.49","2014-09-15","EUR","2024-02-16","2024-02-15"
"2024-01-16","FR","B-4YG597878M881311L","","","SALE","payment_transaction","13.49","NEW","PAYPAL","","","","","EUR","",""
"2024-01-16","FR","B-4YG597878M881311L","SETTLED","PAYPAL","SALE","SUBSCRIPTION","13.49","APPROVED","PAYPAL","2.25","2024-01-16","13.49","2014-09-15","EUR","2024-02-16","2024-02-15"
"2023-12-16","FR","B-4YG597878M881311L","SETTLED","PAYPAL","SALE","SUBSCRIPTION","13.49","NEW","PAYPAL","2.25","2023-12-16","13.49","2014-09-15","EUR","2024-01-16","2024-01-15"
"2023-12-16","FR","B-4YG597878M881311L","SETTLED","PAYPAL","SALE","SUBSCRIPTION","13.49","APPROVED","PAYPAL","2.25","2023-12-16","13.49","2014-09-15","EUR","2024-01-16","2024-01-15"
"2023-12-16","FR","B-4YG597878M881311L","","","SALE","payment_transaction","13.49","NEW","PAYPAL","","","","","EUR","",""
"2023-12-16","FR","B-4YG597878M881311L","","","SALE","payment_transaction","13.49","APPROVED","PAYPAL","","","","","EUR","",""
"2023-11-16","FR","B-4YG597878M881311L","SETTLED","PAYPAL","SALE","SUBSCRIPTION","13.49","NEW","PAYPAL","2.25","2023-11-16","13.49","2014-09-15","EUR","2023-12-16","2023-12-15"
"2023-11-16","FR","B-4YG597878M881311L","","","SALE","payment_transaction","13.49","APPROVED","PAYPAL","","","","","EUR","",""
"2023-11-16","FR","B-4YG597878M881311L","SETTLED","PAYPAL","SALE","SUBSCRIPTION","13.49","APPROVED","PAYPAL","2.25","2023-11-16","13.49","2014-09-15","EUR","2023-12-16","2023-12-15"
"2023-11-16","FR","B-4YG597878M881311L","","","SALE","payment_transaction","13.49","NEW","PAYPAL","","","","","EUR","",""
"2023-10-16","FR","B-4YG597878M881311L","SETTLED","PAYPAL","SALE","SUBSCRIPTION","13.49","NEW","PAYPAL","2.25","2023-10-16","13.49","2014-09-15","EUR","2023-11-16","2023-11-15"
"2023-10-16","FR","B-4YG597878M881311L","SETTLED","PAYPAL","SALE","SUBSCRIPTION","13.49","APPROVED","PAYPAL","2.25","2023-10-16","13.49","2014-09-15","EUR","2023-11-16","2023-11-15"
"2023-10-16","FR","B-4YG597878M881311L","","","SALE","payment_transaction","13.49","NEW","PAYPAL","","","","","EUR","",""
"2023-10-16","FR","B-4YG597878M881311L","","","SALE","payment_transaction","13.49","APPROVED","PAYPAL","","","","","EUR","",""
"2023-09-16","FR","B-4YG597878M881311L","SETTLED","PAYPAL","SALE","SUBSCRIPTION","13.49","APPROVED","PAYPAL","2.25","2023-09-16","13.49","2014-09-15","EUR","2023-10-16","2023-10-15"
"2023-09-16","FR","B-4YG597878M881311L","SETTLED","PAYPAL","SALE","SUBSCRIPTION","13.49","NEW","PAYPAL","2.25","2023-09-16","13.49","2014-09-15","EUR","2023-10-16","2023-10-15"
"2023-09-16","FR","B-4YG597878M881311L","","","SALE","payment_transaction","13.49","NEW","PAYPAL","","","","","EUR","",""
"2023-09-16","FR","B-4YG597878M881311L","","","SALE","payment_transaction","13.49","APPROVED","PAYPAL","","","","","EUR","",""
"2023-08-16","FR","B-4YG597878M881311L","SETTLED","PAYPAL","SALE","SUBSCRIPTION","13.49","NEW","PAYPAL","2.25","2023-08-16","13.49","2014-09-15","EUR","2023-09-16","2023-09-15"
"2023-08-16","FR","B-4YG597878M881311L","","","SALE","payment_transaction","13.49","APPROVED","PAYPAL","","","","","EUR","",""
"2023-08-16","FR","B-4YG597878M881311L","","","SALE","payment_transaction","13.49","NEW","PAYPAL","","","","","EUR","",""
"2023-08-16","FR","B-4YG597878M881311L","SETTLED","PAYPAL","SALE","SUBSCRIPTION","13.49","APPROVED","PAYPAL","2.25","2023-08-16","13.49","2014-09-15","EUR","2023-09-16","2023-09-15"
"2023-07-16","FR","B-4YG597878M881311L","SETTLED","PAYPAL","SALE","SUBSCRIPTION","13.49","NEW","PAYPAL","2.25","2023-07-16","13.49","2014-09-15","EUR","2023-08-16","2023-08-15"
"2023-07-16","FR","B-4YG597878M881311L","","","SALE","payment_transaction","13.49","NEW","PAYPAL","","","","","EUR","",""
"2023-07-16","FR","B-4YG597878M881311L","","","SALE","payment_transaction","13.49","APPROVED","PAYPAL","","","","","EUR","",""
"2023-07-16","FR","B-4YG597878M881311L","SETTLED","PAYPAL","SALE","SUBSCRIPTION","13.49","APPROVED","PAYPAL","2.25","2023-07-16","13.49","2014-09-15","EUR","2023-08-16","2023-08-15"
"2023-06-16","FR","B-4YG597878M881311L","SETTLED","PAYPAL","SALE","SUBSCRIPTION","13.49","NEW","PAYPAL","2.25","2023-06-16","13.49","2014-09-15","EUR","2023-07-16","2023-07-15"
"2023-06-16","FR","B-4YG597878M881311L","","","SALE","payment_transaction","13.49","NEW","PAYPAL","","","","","EUR","",""
"2023-06-16","FR","B-4YG597878M881311L","","","SALE","payment_transaction","13.49","APPROVED","PAYPAL","","","","","EUR","",""
"2023-06-16","FR","B-4YG597878M881311L","SETTLED","PAYPAL","SALE","SUBSCRIPTION","13.49","APPROVED","PAYPAL","2.25","2023-06-16","13.49","2014-09-15","EUR","2023-07-16","2023-07-15"
"2023-05-16","FR","B-4YG597878M881311L","SETTLED","PAYPAL","SALE","SUBSCRIPTION","13.49","APPROVED","PAYPAL","2.25","2023-05-16","13.49","2014-09-15","EUR","2023-06-16","2023-06-15"
"2023-05-16","FR","B-4YG597878M881311L","SETTLED","PAYPAL","SALE","SUBSCRIPTION","13.49","NEW","PAYPAL","2.25","2023-05-16","13.49","2014-09-15","EUR","2023-06-16","2023-06-15"
"2023-05-16","FR","B-4YG597878M881311L","","","SALE","payment_transaction","13.49","APPROVED","PAYPAL","","","","","EUR","",""
"2023-05-16","FR","B-4YG597878M881311L","","","SALE","payment_transaction","13.49","NEW","PAYPAL","","","","","EUR","",""
"2023-04-16","FR","B-4YG597878M881311L","SETTLED","PAYPAL","SALE","SUBSCRIPTION","13.49","NEW","PAYPAL","2.25","2023-04-16","13.49","2014-09-15","EUR","2023-05-16","2023-05-15"
"2023-04-16","FR","B-4YG597878M881311L","","","SALE","payment_transaction","13.49","NEW","PAYPAL","","","","","EUR","",""
"2023-04-16","FR","B-4YG597878M881311L","SETTLED","PAYPAL","SALE","SUBSCRIPTION","13.49","APPROVED","PAYPAL","2.25","2023-04-16","13.49","2014-09-15","EUR","2023-05-16","2023-05-15"
"2023-04-16","FR","B-4YG597878M881311L","","","SALE","payment_transaction","13.49","APPROVED","PAYPAL","","","","","EUR","",""
"2023-03-16","FR","B-4YG597878M881311L","","","SALE","payment_transaction","13.49","APPROVED","PAYPAL","","","","","EUR","",""
"2023-03-16","FR","B-4YG597878M881311L","SETTLED","PAYPAL","SALE","SUBSCRIPTION","13.49","APPROVED","PAYPAL","2.25","2023-03-16","13.49","2014-09-15","EUR","2023-04-16","2023-04-15"
"2023-03-16","FR","B-4YG597878M881311L","","","SALE","payment_transaction","13.49","NEW","PAYPAL","","","","","EUR","",""
"2023-03-16","FR","B-4YG597878M881311L","SETTLED","PAYPAL","SALE","SUBSCRIPTION","13.49","NEW","PAYPAL","2.25","2023-03-16","13.49","2014-09-15","EUR","2023-04-16","2023-04-15"
"2023-02-16","FR","B-4YG597878M881311L","SETTLED","PAYPAL","SALE","SUBSCRIPTION","13.49","APPROVED","PAYPAL","2.25","2023-02-16","13.49","2014-09-15","EUR","2023-03-16","2023-03-15"
"2023-02-16","FR","B-4YG597878M881311L","SETTLED","PAYPAL","SALE","SUBSCRIPTION","13.49","NEW","PAYPAL","2.25","2023-02-16","13.49","2014-09-15","EUR","2023-03-16","2023-03-15"
"2023-02-16","FR","B-4YG597878M881311L","","","SALE","payment_transaction","13.49","APPROVED","PAYPAL","","","","","EUR","",""
"2023-02-16","FR","B-4YG597878M881311L","","","SALE","payment_transaction","13.49","NEW","PAYPAL","","","","","EUR","",""
"2023-01-16","FR","B-4YG597878M881311L","","","SALE","payment_transaction","13.49","NEW","PAYPAL","","","","","EUR","",""
"2023-01-16","FR","B-4YG597878M881311L","SETTLED","PAYPAL","SALE","SUBSCRIPTION","13.49","APPROVED","PAYPAL","2.25","2023-01-16","13.49","2014-09-15","EUR","2023-02-16","2023-02-15"
"2023-01-16","FR","B-4YG597878M881311L","SETTLED","PAYPAL","SALE","SUBSCRIPTION","13.49","NEW","PAYPAL","2.25","2023-01-16","13.49","2014-09-15","EUR","2023-02-16","2023-02-15"
"2023-01-16","FR","B-4YG597878M881311L","","","SALE","payment_transaction","13.49","APPROVED","PAYPAL","","","","","EUR","",""
"2022-12-16","FR","B-4YG597878M881311L","SETTLED","PAYPAL","SALE","SUBSCRIPTION","13.49","APPROVED","PAYPAL","2.25","2022-12-16","13.49","2014-09-15","EUR","2023-01-16","2023-01-15"
"2022-12-16","FR","B-4YG597878M881311L","","","SALE","payment_transaction","13.49","NEW","PAYPAL","","","","","EUR","",""
"2022-12-16","FR","B-4YG597878M881311L","SETTLED","PAYPAL","SALE","SUBSCRIPTION","13.49","NEW","PAYPAL","2.25","2022-12-16","13.49","2014-09-15","EUR","2023-01-16","2023-01-15"
"2022-12-16","FR","B-4YG597878M881311L","","","SALE","payment_transaction","13.49","APPROVED","PAYPAL","","","","","EUR","",""
"2022-11-16","FR","B-4YG597878M881311L","SETTLED","PAYPAL","SALE","SUBSCRIPTION","13.49","APPROVED","PAYPAL","2.25","2022-11-16","13.49","2014-09-15","EUR","2022-12-16","2022-12-15"
"2022-11-16","FR","B-4YG597878M881311L","SETTLED","PAYPAL","SALE","SUBSCRIPTION","13.49","NEW","PAYPAL","2.25","2022-11-16","13.49","2014-09-15","EUR","2022-12-16","2022-12-15"
"2022-11-16","FR","B-4YG597878M881311L","","","SALE","payment_transaction","13.49","NEW","PAYPAL","","","","","EUR","",""
"2022-11-16","FR","B-4YG597878M881311L","","","SALE","payment_transaction","13.49","APPROVED","PAYPAL","","","","","EUR","",""
"2022-10-16","FR","B-4YG597878M881311L","SETTLED","PAYPAL","SALE","SUBSCRIPTION","13.49","NEW","PAYPAL","2.25","2022-10-16","13.49","2014-09-15","EUR","2022-11-16","2022-11-15"
"2022-10-16","FR","B-4YG597878M881311L","","","SALE","payment_transaction","13.49","NEW","PAYPAL","","","","","EUR","",""
"2022-10-16","FR","B-4YG597878M881311L","","","SALE","payment_transaction","13.49","APPROVED","PAYPAL","","","","","EUR","",""
"2022-10-16","FR","B-4YG597878M881311L","SETTLED","PAYPAL","SALE","SUBSCRIPTION","13.49","APPROVED","PAYPAL","2.25","2022-10-16","13.49","2014-09-15","EUR","2022-11-16","2022-11-15"
"2022-09-16","FR","B-4YG597878M881311L","","","SALE","payment_transaction","13.49","NEW","PAYPAL","","","","","EUR","",""
"2022-09-16","FR","B-4YG597878M881311L","SETTLED","PAYPAL","SALE","SUBSCRIPTION","13.49","APPROVED","PAYPAL","2.25","2022-09-16","13.49","2014-09-15","EUR","2022-10-16","2022-10-15"
"2022-09-16","FR","B-4YG597878M881311L","SETTLED","PAYPAL","SALE","SUBSCRIPTION","13.49","NEW","PAYPAL","2.25","2022-09-16","13.49","2014-09-15","EUR","2022-10-16","2022-10-15"
"2022-09-16","FR","B-4YG597878M881311L","","","SALE","payment_transaction","13.49","APPROVED","PAYPAL","","","","","EUR","",""
"2022-08-16","FR","B-4YG597878M881311L","","","SALE","payment_transaction","13.49","NEW","PAYPAL","","","","","EUR","",""
"2022-08-16","FR","B-4YG597878M881311L","SETTLED","PAYPAL","SALE","SUBSCRIPTION","13.49","APPROVED","PAYPAL","2.25","2022-08-16","13.49","2014-09-15","EUR","2022-09-16","2022-09-15"
"2022-08-16","FR","B-4YG597878M881311L","SETTLED","PAYPAL","SALE","SUBSCRIPTION","13.49","NEW","PAYPAL","2.25","2022-08-16","13.49","2014-09-15","EUR","2022-09-16","2022-09-15"
"2022-08-16","FR","B-4YG597878M881311L","","","SALE","payment_transaction","13.49","APPROVED","PAYPAL","","","","","EUR","",""
"2022-07-16","FR","B-4YG597878M881311L","SETTLED","PAYPAL","SALE","SUBSCRIPTION","13.49","APPROVED","PAYPAL","2.25","2022-07-16","13.49","2014-09-15","EUR","2022-08-16","2022-08-15"
"2022-07-16","FR","B-4YG597878M881311L","","","SALE","payment_transaction","13.49","NEW","PAYPAL","","","","","EUR","",""
"2022-07-16","FR","B-4YG597878M881311L","SETTLED","PAYPAL","SALE","SUBSCRIPTION","13.49","NEW","PAYPAL","2.25","2022-07-16","13.49","2014-09-15","EUR","2022-08-16","2022-08-15"
"2022-07-16","FR","B-4YG597878M881311L","","","SALE","payment_transaction","13.49","APPROVED","PAYPAL","","","","","EUR","",""
"2022-06-16","FR","B-4YG597878M881311L","SETTLED","PAYPAL","SALE","SUBSCRIPTION","13.49","NEW","PAYPAL","2.25","2022-06-16","13.49","2014-09-15","EUR","2022-07-16","2022-07-15"
"2022-06-16","FR","B-4YG597878M881311L","","","SALE","payment_transaction","13.49","APPROVED","PAYPAL","","","","","EUR","",""
"2022-06-16","FR","B-4YG597878M881311L","","","SALE","payment_transaction","13.49","NEW","PAYPAL","","","","","EUR","",""
"2022-06-16","FR","B-4YG597878M881311L","SETTLED","PAYPAL","SALE","SUBSCRIPTION","13.49","APPROVED","PAYPAL","2.25","2022-06-16","13.49","2014-09-15","EUR","2022-07-16","2022-07-15"
"2022-05-16","FR","B-4YG597878M881311L","SETTLED","PAYPAL","SALE","SUBSCRIPTION","13.49","NEW","PAYPAL","2.25","2022-05-16","13.49","2014-09-15","EUR","2022-06-16","2022-06-15"
"2022-05-16","FR","B-4YG597878M881311L","","","SALE","payment_transaction","13.49","APPROVED","PAYPAL","","","","","EUR","",""
"2022-05-16","FR","B-4YG597878M881311L","SETTLED","PAYPAL","SALE","SUBSCRIPTION","13.49","APPROVED","PAYPAL","2.25","2022-05-16","13.49","2014-09-15","EUR","2022-06-16","2022-06-15"
"2022-05-16","FR","B-4YG597878M881311L","","","SALE","payment_transaction","13.49","NEW","PAYPAL","","","","","EUR","",""
"2022-04-16","FR","B-4YG597878M881311L","SETTLED","PAYPAL","SALE","SUBSCRIPTION","13.49","NEW","PAYPAL","2.25","2022-04-16","13.49","2014-09-15","EUR","2022-05-16","2022-05-15"
"2022-04-16","FR","B-4YG597878M881311L","SETTLED","PAYPAL","SALE","SUBSCRIPTION","13.49","APPROVED","PAYPAL","2.25","2022-04-16","13.49","2014-09-15","EUR","2022-05-16","2022-05-15"
"2022-04-16","FR","B-4YG597878M881311L","","","SALE","payment_transaction","13.49","NEW","PAYPAL","","","","","EUR","",""
"2022-04-16","FR","B-4YG597878M881311L","","","SALE","payment_transaction","13.49","APPROVED","PAYPAL","","","","","EUR","",""
"2022-03-16","FR","B-4YG597878M881311L","SETTLED","PAYPAL","SALE","SUBSCRIPTION","13.49","NEW","PAYPAL","2.25","2022-03-16","13.49","2014-09-15","EUR","2022-04-16","2022-04-15"
"2022-03-16","FR","B-4YG597878M881311L","SETTLED","PAYPAL","SALE","SUBSCRIPTION","13.49","APPROVED","PAYPAL","2.25","2022-03-16","13.49","2014-09-15","EUR","2022-04-16","2022-04-15"
"2022-03-16","FR","B-4YG597878M881311L","","","SALE","payment_transaction","13.49","NEW","PAYPAL","","","","","EUR","",""
"2022-03-16","FR","B-4YG597878M881311L","","","SALE","payment_transaction","13.49","APPROVED","PAYPAL","","","","","EUR","",""
"2022-02-16","FR","B-4YG597878M881311L","","","SALE","payment_transaction","13.49","APPROVED","PAYPAL","","","","","EUR","",""
"2022-02-16","FR","B-4YG597878M881311L","","","SALE","payment_transaction","13.49","NEW","PAYPAL","","","","","EUR","",""
"2022-02-16","FR","B-4YG597878M881311L","SETTLED","PAYPAL","SALE","SUBSCRIPTION","13.49","APPROVED","PAYPAL","2.25","2022-02-16","13.49","2014-09-15","EUR","2022-03-16","2022-03-15"
"2022-02-16","FR","B-4YG597878M881311L","SETTLED","PAYPAL","SALE","SUBSCRIPTION","13.49","NEW","PAYPAL","2.25","2022-02-16","13.49","2014-09-15","EUR","2022-03-16","2022-03-15"
"2022-01-16","FR","B-4YG597878M881311L","SETTLED","PAYPAL","SALE","SUBSCRIPTION","13.49","NEW","PAYPAL","2.25","2022-01-16","13.49","2014-09-15","EUR","2022-02-16","2022-02-15"
"2022-01-16","FR","B-4YG597878M881311L","","","SALE","payment_transaction","13.49","APPROVED","PAYPAL","","","","","EUR","",""
"2022-01-16","FR","B-4YG597878M881311L","","","SALE","payment_transaction","13.49","NEW","PAYPAL","","","","","EUR","",""
"2022-01-16","FR","B-4YG597878M881311L","SETTLED","PAYPAL","SALE","SUBSCRIPTION","13.49","APPROVED","PAYPAL","2.25","2022-01-16","13.49","2014-09-15","EUR","2022-02-16","2022-02-15"
"2021-12-16","FR","B-4YG597878M881311L","","","SALE","payment_transaction","13.49","NEW","PAYPAL","","","","","EUR","",""
"2021-12-16","FR","B-4YG597878M881311L","","","SALE","payment_transaction","13.49","APPROVED","PAYPAL","","","","","EUR","",""
"2021-12-16","FR","B-4YG597878M881311L","SETTLED","PAYPAL","SALE","SUBSCRIPTION","13.49","NEW","PAYPAL","2.25","2021-12-16","13.49","2014-09-15","EUR","2022-01-16","2022-01-15"
"2021-12-16","FR","B-4YG597878M881311L","SETTLED","PAYPAL","SALE","SUBSCRIPTION","13.49","APPROVED","PAYPAL","2.25","2021-12-16","13.49","2014-09-15","EUR","2022-01-16","2022-01-15"
"2021-11-16","FR","B-4YG597878M881311L","","","SALE","payment_transaction","13.49","APPROVED","PAYPAL","","","","","EUR","",""
"2021-11-16","FR","B-4YG597878M881311L","","","SALE","payment_transaction","13.49","NEW","PAYPAL","","","","","EUR","",""
"2021-11-16","FR","B-4YG597878M881311L","SETTLED","PAYPAL","SALE","SUBSCRIPTION","13.49","NEW","PAYPAL","2.25","2021-11-16","13.49","2014-09-15","EUR","2021-12-16","2021-12-15"
"2021-11-16","FR","B-4YG597878M881311L","SETTLED","PAYPAL","SALE","SUBSCRIPTION","13.49","APPROVED","PAYPAL","2.25","2021-11-16","13.49","2014-09-15","EUR","2021-12-16","2021-12-15"
"2021-10-16","FR","B-4YG597878M881311L","","","SALE","payment_transaction","13.49","NEW","PAYPAL","","","","","EUR","",""
"2021-10-16","FR","B-4YG597878M881311L","SETTLED","PAYPAL","SALE","SUBSCRIPTION","13.49","NEW","PAYPAL","2.25","2021-10-16","13.49","2014-09-15","EUR","2021-11-16","2021-11-15"
"2021-10-16","FR","B-4YG597878M881311L","SETTLED","PAYPAL","SALE","SUBSCRIPTION","13.49","APPROVED","PAYPAL","2.25","2021-10-16","13.49","2014-09-15","EUR","2021-11-16","2021-11-15"
"2021-10-16","FR","B-4YG597878M881311L","","","SALE","payment_transaction","13.49","APPROVED","PAYPAL","","","","","EUR","",""
"2021-09-16","FR","B-4YG597878M881311L","","","SALE","payment_transaction","11.99","APPROVED","PAYPAL","","","","","EUR","",""
"2021-09-16","FR","B-4YG597878M881311L","","","SALE","payment_transaction","11.99","NEW","PAYPAL","","","","","EUR","",""
"2021-09-16","FR","B-4YG597878M881311L","SETTLED","PAYPAL","SALE","SUBSCRIPTION","11.99","APPROVED","PAYPAL","2.0","2021-09-16","11.99","2014-09-15","EUR","2021-10-16","2021-10-15"
"2021-09-16","FR","B-4YG597878M881311L","SETTLED","PAYPAL","SALE","SUBSCRIPTION","11.99","NEW","PAYPAL","2.0","2021-09-16","11.99","2014-09-15","EUR","2021-10-16","2021-10-15"
"2021-08-16","FR","B-4YG597878M881311L","","","SALE","payment_transaction","11.99","NEW","PAYPAL","","","","","EUR","",""
"2021-08-16","FR","B-4YG597878M881311L","","","SALE","payment_transaction","11.99","APPROVED","PAYPAL","","","","","EUR","",""
"2021-08-16","FR","B-4YG597878M881311L","SETTLED","PAYPAL","SALE","SUBSCRIPTION","11.99","APPROVED","PAYPAL","2.0","2021-08-16","11.99","2014-09-15","EUR","2021-09-16","2021-09-15"
"2021-08-16","FR","B-4YG597878M881311L","SETTLED","PAYPAL","SALE","SUBSCRIPTION","11.99","NEW","PAYPAL","2.0","2021-08-16","11.99","2014-09-15","EUR","2021-09-16","2021-09-15"
"2021-07-16","FR","B-4YG597878M881311L","","","SALE","payment_transaction","11.99","NEW","PAYPAL","","","","","EUR","",""
"2021-07-16","FR","B-4YG597878M881311L","SETTLED","PAYPAL","SALE","SUBSCRIPTION","11.99","APPROVED","PAYPAL","2.0","2021-07-16","11.99","2014-09-15","EUR","2021-08-16","2021-08-15"
"2021-07-16","FR","B-4YG597878M881311L","","","SALE","payment_transaction","11.99","APPROVED","PAYPAL","","","","","EUR","",""
"2021-07-16","FR","B-4YG597878M881311L","SETTLED","PAYPAL","SALE","SUBSCRIPTION","11.99","NEW","PAYPAL","2.0","2021-07-16","11.99","2014-09-15","EUR","2021-08-16","2021-08-15"
"2021-06-16","FR","B-4YG597878M881311L","SETTLED","PAYPAL","SALE","SUBSCRIPTION","11.99","APPROVED","PAYPAL","2.0","2021-06-16","11.99","2014-09-15","EUR","2021-07-16","2021-07-15"
"2021-06-16","FR","B-4YG597878M881311L","","","SALE","payment_transaction","11.99","APPROVED","PAYPAL","","","","","EUR","",""
"2021-06-16","FR","B-4YG597878M881311L","SETTLED","PAYPAL","SALE","SUBSCRIPTION","11.99","NEW","PAYPAL","2.0","2021-06-16","11.99","2014-09-15","EUR","2021-07-16","2021-07-15"
"2021-06-16","FR","B-4YG597878M881311L","","","SALE","payment_transaction","11.99","NEW","PAYPAL","","","","","EUR","",""
"2021-05-16","FR","B-4YG597878M881311L","","","SALE","payment_transaction","11.99","NEW","PAYPAL","","","","","EUR","",""
"2021-05-16","FR","B-4YG597878M881311L","SETTLED","PAYPAL","SALE","SUBSCRIPTION","11.99","NEW","PAYPAL","2.0","2021-05-16","11.99","2014-09-15","EUR","2021-06-16","2021-06-15"
"2021-05-16","FR","B-4YG597878M881311L","","","SALE","payment_transaction","11.99","APPROVED","PAYPAL","","","","","EUR","",""
"2021-05-16","FR","B-4YG597878M881311L","SETTLED","PAYPAL","SALE","SUBSCRIPTION","11.99","APPROVED","PAYPAL","2.0","2021-05-16","11.99","2014-09-15","EUR","2021-06-16","2021-06-15"
"2021-04-16","FR","B-4YG597878M881311L","SETTLED","PAYPAL","SALE","SUBSCRIPTION","11.99","APPROVED","PAYPAL","2.0","2021-04-16","11.99","2014-09-15","EUR","2021-05-16","2021-05-15"
"2021-04-16","FR","B-4YG597878M881311L","","","SALE","payment_transaction","11.99","APPROVED","PAYPAL","","","","","EUR","",""
"2021-03-16","FR","B-4YG597878M881311L","SETTLED","PAYPAL","SALE","SUBSCRIPTION","11.99","APPROVED","PAYPAL","2.0","2021-03-16","11.99","2014-09-15","EUR","2021-04-16","2021-04-15"
"2021-03-16","FR","B-4YG597878M881311L","","","SALE","payment_transaction","11.99","APPROVED","PAYPAL","","","","","EUR","",""
"2021-02-16","FR","B-4YG597878M881311L","SETTLED","PAYPAL","SALE","SUBSCRIPTION","11.99","APPROVED","PAYPAL","2.0","2021-02-16","11.99","2014-09-15","EUR","2021-03-16","2021-03-15"
"2021-02-16","FR","B-4YG597878M881311L","","","SALE","payment_transaction","11.99","APPROVED","PAYPAL","","","","","EUR","",""
"2021-01-16","FR","B-4YG597878M881311L","","","SALE","payment_transaction","11.99","APPROVED","PAYPAL","","","","","EUR","",""
"2021-01-16","FR","B-4YG597878M881311L","SETTLED","PAYPAL","SALE","SUBSCRIPTION","11.99","APPROVED","PAYPAL","2.0","2021-01-16","11.99","2014-09-15","EUR","2021-02-16","2021-02-15"
"2020-12-16","FR","B-4YG597878M881311L","SETTLED","PAYPAL","SALE","SUBSCRIPTION","11.99","APPROVED","PAYPAL","2.0","2020-12-16","11.99","2014-09-15","EUR","2021-01-16","2021-01-15"
"2020-12-16","FR","B-4YG597878M881311L","","","SALE","payment_transaction","11.99","APPROVED","PAYPAL","","","","","EUR","",""
"2020-11-16","FR","B-4YG597878M881311L","SETTLED","PAYPAL","SALE","SUBSCRIPTION","11.99","APPROVED","PAYPAL","2.0","2020-11-16","11.99","2014-09-15","EUR","2020-12-16","2020-12-15"
"2020-11-16","FR","B-4YG597878M881311L","","","SALE","payment_transaction","11.99","APPROVED","PAYPAL","","","","","EUR","",""
"2020-10-18","FR","B-4YG597878M881311L","","","SALE","payment_transaction","11.99","APPROVED","PAYPAL","","","","","EUR","",""
"2020-10-18","FR","B-4YG597878M881311L","SETTLED","PAYPAL","SALE","SUBSCRIPTION","11.99","APPROVED","PAYPAL","2.0","2020-10-16","11.99","2014-09-15","EUR","2020-11-16","2020-11-15"
"2020-09-16","FR","B-4YG597878M881311L","SETTLED","PAYPAL","","SUBSCRIPTION","11.99","","PAYPAL","2.0","2020-09-16","11.99","2014-09-15","EUR","2020-10-16","2020-10-15"
"2020-08-16","FR","B-4YG597878M881311L","SETTLED","PAYPAL","","SUBSCRIPTION","11.99","","PAYPAL","2.0","2020-08-16","11.99","2014-09-15","EUR","2020-09-16","2020-09-15"
"2020-07-16","FR","B-4YG597878M881311L","SETTLED","PAYPAL","","SUBSCRIPTION","11.99","","PAYPAL","2.0","2020-07-16","11.99","2014-09-15","EUR","2020-08-16","2020-08-15"
"2020-06-16","FR","B-4YG597878M881311L","SETTLED","PAYPAL","","SUBSCRIPTION","11.99","","PAYPAL","2.0","2020-06-16","11.99","2014-09-15","EUR","2020-07-16","2020-07-15"
"2020-05-16","FR","B-4YG597878M881311L","SETTLED","PAYPAL","","SUBSCRIPTION","11.99","","PAYPAL","2.0","2020-05-16","11.99","2014-09-15","EUR","2020-06-16","2020-06-15"
"2020-04-16","FR","B-4YG597878M881311L","SETTLED","PAYPAL","","SUBSCRIPTION","11.99","","PAYPAL","2.0","2020-04-16","11.99","2014-09-15","EUR","2020-05-16","2020-05-15"
"2020-03-16","FR","B-4YG597878M881311L","SETTLED","PAYPAL","","SUBSCRIPTION","11.99","","PAYPAL","2.0","2020-03-16","11.99","2014-09-15","EUR","2020-04-16","2020-04-15"
"2020-02-16","FR","B-4YG597878M881311L","SETTLED","PAYPAL","","SUBSCRIPTION","11.99","","PAYPAL","2.0","2020-02-16","11.99","2014-09-15","EUR","2020-03-16","2020-03-15"
"2020-01-16","FR","B-4YG597878M881311L","SETTLED","PAYPAL","","SUBSCRIPTION","11.99","","PAYPAL","2.0","2020-01-16","11.99","2014-09-15","EUR","2020-02-16","2020-02-15"
"2019-12-16","FR","B-4YG597878M881311L","SETTLED","PAYPAL","","SUBSCRIPTION","11.99","","PAYPAL","2.0","2019-12-16","11.99","2014-09-15","EUR","2020-01-16","2020-01-15"
"2019-11-16","FR","B-4YG597878M881311L","SETTLED","PAYPAL","","SUBSCRIPTION","11.99","","PAYPAL","2.0","2019-11-16","11.99","2014-09-15","EUR","2019-12-16","2019-12-15"
"2019-10-16","FR","B-4YG597878M881311L","SETTLED","PAYPAL","","SUBSCRIPTION","11.99","","PAYPAL","2.0","2019-10-16","11.99","2014-09-15","EUR","2019-11-16","2019-11-15"
"2019-09-16","FR","B-4YG597878M881311L","SETTLED","PAYPAL","","SUBSCRIPTION","11.99","","PAYPAL","2.0","2019-09-16","11.99","2014-09-15","EUR","2019-10-16","2019-10-15"
"2019-08-16","FR","B-4YG597878M881311L","SETTLED","PAYPAL","","SUBSCRIPTION","10.99","","PAYPAL","1.83","2019-08-16","10.99","2014-09-15","EUR","2019-09-16","2019-09-15"
"2019-07-16","FR","B-4YG597878M881311L","SETTLED","PAYPAL","","SUBSCRIPTION","10.99","","PAYPAL","1.83","2019-07-16","10.99","2014-09-15","EUR","2019-08-16","2019-08-15"
"2019-06-16","FR","B-4YG597878M881311L","SETTLED","PAYPAL","","SUBSCRIPTION","10.99","","PAYPAL","1.83","2019-06-16","10.99","2014-09-15","EUR","2019-07-16","2019-07-15"
"2019-05-16","FR","B-4YG597878M881311L","SETTLED","PAYPAL","","SUBSCRIPTION","10.99","","PAYPAL","1.83","2019-05-16","10.99","2014-09-15","EUR","2019-06-16","2019-06-15"
"2019-04-16","FR","B-4YG597878M881311L","SETTLED","PAYPAL","","SUBSCRIPTION","10.99","","PAYPAL","1.83","2019-04-16","10.99","2014-09-15","EUR","2019-05-16","2019-05-15"
"2019-03-16","FR","B-4YG597878M881311L","SETTLED","PAYPAL","","SUBSCRIPTION","10.99","","PAYPAL","1.83","2019-03-16","10.99","2014-09-15","EUR","2019-04-16","2019-04-15"
"2019-02-16","FR","B-4YG597878M881311L","SETTLED","PAYPAL","","SUBSCRIPTION","10.99","","PAYPAL","1.83","2019-02-16","10.99","2014-09-15","EUR","2019-03-16","2019-03-15"
"2019-01-16","FR","B-4YG597878M881311L","SETTLED","PAYPAL","","SUBSCRIPTION","10.99","","PAYPAL","1.83","2019-01-16","10.99","2014-09-15","EUR","2019-02-16","2019-02-15"
"2018-12-16","FR","B-4YG597878M881311L","SETTLED","PAYPAL","","SUBSCRIPTION","10.99","","PAYPAL","1.83","2018-12-16","10.99","2014-09-15","EUR","2019-01-16","2019-01-15"
"2018-11-16","FR","B-4YG597878M881311L","SETTLED","PAYPAL","","SUBSCRIPTION","10.99","","PAYPAL","1.83","2018-11-16","10.99","2014-09-15","EUR","2018-12-16","2018-12-15"
"2018-10-16","FR","B-4YG597878M881311L","SETTLED","PAYPAL","","SUBSCRIPTION","10.99","","PAYPAL","1.83","2018-10-16","10.99","2014-09-15","EUR","2018-11-16","2018-11-15"
"2018-09-16","FR","B-4YG597878M881311L","SETTLED","PAYPAL","","SUBSCRIPTION","10.99","","PAYPAL","1.83","2018-09-16","10.99","2014-09-15","EUR","2018-10-16","2018-10-15"
"2018-08-16","FR","B-4YG597878M881311L","SETTLED","PAYPAL","","SUBSCRIPTION","10.99","","PAYPAL","1.83","2018-08-16","10.99","2014-09-15","EUR","2018-09-16","2018-09-15"
"2018-07-16","FR","B-4YG597878M881311L","SETTLED","PAYPAL","","SUBSCRIPTION","10.99","","PAYPAL","1.83","2018-07-16","10.99","2014-09-15","EUR","2018-08-16","2018-08-15"
"2018-06-16","FR","B-4YG597878M881311L","SETTLED","PAYPAL","","SUBSCRIPTION","10.99","","PAYPAL","1.83","2018-06-16","10.99","2014-09-15","EUR","2018-07-16","2018-07-15"
"2018-05-16","FR","B-4YG597878M881311L","SETTLED","PAYPAL","","SUBSCRIPTION","10.99","","PAYPAL","1.83","2018-05-16","10.99","2014-09-15","EUR","2018-06-16","2018-06-15"
"2018-04-16","FR","B-4YG597878M881311L","SETTLED","PAYPAL","","SUBSCRIPTION","10.99","","PAYPAL","1.83","2018-04-16","10.99","2014-09-15","EUR","2018-05-16","2018-05-15"
"2018-03-16","FR","B-4YG597878M881311L","SETTLED","PAYPAL","","SUBSCRIPTION","10.99","","PAYPAL","1.83","2018-03-16","10.99","2014-09-15","EUR","2018-04-16","2018-04-15"
"2018-02-16","FR","B-4YG597878M881311L","SETTLED","PAYPAL","","SUBSCRIPTION","10.99","","PAYPAL","1.83","2018-02-16","10.99","2014-09-15","EUR","2018-03-16","2018-03-15"
