"Profile Name","Icons"
"Henri","[""AVATAR|b18a23e0-55b6-11e9-9175-0e4c0307b682|en|FR|80049832"",""AVATAR|94905121-35c8-11ec-8226-12003f65d8c5|en|US|80148069"",""AVATAR|2eb2cea1-8d6e-11e9-9f0b-0e41a336d5f6|en|US|80198505"",""AVATAR|cd286760-d1e3-11ea-a218-121ccfb52e6b|en|FR|81002438"",""AVATAR|2b58d2d1-154c-11e9-b321-0abbc59f77ba|en|FR|70300800"",""icon20""]"
"Papa","[""AVATAR|42f7c120-55b7-11e9-97ef-12b7d01645d4|en|FR|80049832"",""icon23""]"
"À voir ensemble","[""icon38""]"
"Okona","[""AVATAR|47643e81-be5d-11eb-8229-12fc825888a7|en|FR|80057918"",""AVATAR|2eb2f5b1-8d6e-11e9-9f0b-0e41a336d5f6|en|FR|80198505"",""icon19""]"
"Istiliguiliguili","[""AVATAR|94905121-35c8-11ec-8226-12003f65d8c5|en|US|80148069""]"
