"Profile Name","Email Address","Game Handle","Profile Creation Time","Maturity Level","Profile Transferred To Account","Gender","Date Of Birth","Profile Transferred","Profile Transfer Time","Max Stream Quality","Privacy And Data Settings","Profile Transferred From Account","Primary Lang","Has Auto Playback","Profile Lock Enabled"
"Istiliguiliguili","","","2025-02-25 18:20:10","ADULTS","","","","false","","Unknown","{}","","fr-FR","1","false"
"À voir ensemble","","","2016-07-28 02:03:15","ADULTS","","","","false","","Unknown","{}","","fr-FR","","false"
"Okona","","","2015-12-20 23:38:10","ADULTS","","","","false","","Unknown","{}","","fr-FR","1","false"
"Papa","","","2015-11-09 19:04:15","ADULTS","","","","false","","Unknown","{}","","fr-FR","1","false"
"Henri","h.larget@gmail.com","D3cima","2014-07-17 10:04:02","ADULTS","","","","false","","Unknown","{}","","fr-FR","1","false"
