"Profile Name","Navigation Level","Webpage Url","Source","Click Utc Ts","Referrer Url"
"Okona","movieDetails","","tvui","2025-08-23 23:50:16",""
"Okona","profilesGate","","tvui","2025-08-23 23:50:16",""
"Okona","playback","","tvui","2025-08-23 23:20:16",""
"Okona","movieDetails","","tvui","2025-08-23 23:20:16",""
"Okona","movieDetails","","tvui","2025-08-23 23:19:34",""
"Okona","playback","","tvui","2025-08-23 23:19:34",""
"Okona","profilesGate","","tvui","2025-08-23 23:19:26",""
"Okona","movieDetails","","tvui","2025-08-23 23:19:26",""
"Okona","profilesGate","","tvui","2025-08-23 23:19:23",""
"Okona","movieDetails","","tvui","2025-08-23 20:31:27",""
"Okona","profilesGate","","tvui","2025-08-23 20:31:27",""
"Okona","playback","","tvui","2025-08-23 20:01:27",""
"Okona","movieDetails","","tvui","2025-08-23 20:01:27",""
"Okona","playback","","tvui","2025-08-23 19:39:24",""
"Okona","movieDetails","","tvui","2025-08-23 19:39:24",""
"Okona","movieDetails","","tvui","2025-08-23 19:39:22",""
"Okona","browseTitles","","tvui","2025-08-23 19:39:22",""
"Okona","browseTitles","","tvui","2025-08-23 19:38:39",""
"Okona","profilesGate","","tvui","2025-08-23 19:38:39",""
"Henri","search","","tvui","2025-08-23 19:38:34",""
"Henri","profilesGate","","tvui","2025-08-23 19:38:34",""
"Henri","browseTitles","","tvui","2025-08-23 19:38:28",""
"Henri","search","","tvui","2025-08-23 19:38:28",""
"Henri","browseTitles","","tvui","2025-08-23 19:38:26",""
"Henri","movieDetails","","tvui","2025-08-23 19:38:26",""
"Henri","episodesSelector","","tvui","2025-08-23 19:38:24",""
"Henri","movieDetails","","tvui","2025-08-23 19:38:24",""
"Henri","movieDetails","","tvui","2025-08-23 19:38:03",""
"Henri","episodesSelector","","tvui","2025-08-23 19:38:03",""
"Henri","movieDetails","","tvui","2025-08-23 19:38:00",""
"Henri","browseTitles","","tvui","2025-08-23 19:38:00",""
"Henri","browseTitles","","tvui","2025-08-23 19:37:55",""
"Henri","movieDetails","","tvui","2025-08-23 19:37:55",""
"Henri","movieDetails","","tvui","2025-08-23 19:37:53",""
"Henri","browseTitles","","tvui","2025-08-23 19:37:53",""
"Henri","profilesGate","","tvui","2025-08-23 19:36:45",""
"Henri","browseTitles","","tvui","2025-08-23 19:36:45",""
"Henri","browseTitles","","tvui","2025-08-06 20:54:23",""
"Henri","profilesGate","","tvui","2025-08-06 20:54:23",""
"Henri","movieDetails","","tvui","2025-08-06 20:24:22",""
"Henri","browseTitles","","tvui","2025-08-06 20:24:22",""
"Henri","playback","","tvui","2025-08-06 20:24:21",""
"Henri","movieDetails","","tvui","2025-08-06 20:24:21",""
"Henri","playback","","tvui","2025-08-06 20:24:19",""
"Henri","postPlay","","tvui","2025-08-06 20:24:19",""
"Henri","playback","","tvui","2025-08-06 20:24:17",""
"Henri","postPlay","","tvui","2025-08-06 20:24:17",""
"Henri","postPlay","","tvui","2025-08-06 20:24:12",""
"Henri","playback","","tvui","2025-08-06 20:24:12",""
"Henri","playback","","tvui","2025-08-06 20:24:08",""
"Henri","postPlay","","tvui","2025-08-06 20:24:08",""
"Henri","playback","","tvui","2025-08-06 19:28:04",""
"Henri","movieDetails","","tvui","2025-08-06 19:28:04",""
"Henri","movieDetails","","tvui","2025-08-05 20:12:50",""
"Henri","profilesGate","","tvui","2025-08-05 20:12:50",""
"Henri","playback","","tvui","2025-08-05 19:42:50",""
"Henri","movieDetails","","tvui","2025-08-05 19:42:50",""
"Henri","postPlay","","tvui","2025-08-05 19:32:41",""
"Henri","playback","","tvui","2025-08-05 19:32:41",""
"Henri","playback","","tvui","2025-08-05 19:32:34",""
"Henri","postPlay","","tvui","2025-08-05 19:32:34",""
"Henri","episodesSelector","","tvui","2025-08-05 19:16:59",""
"Henri","playback","","tvui","2025-08-05 19:16:59",""
"Henri","movieDetails","","tvui","2025-08-05 19:16:56",""
"Henri","episodesSelector","","tvui","2025-08-05 19:16:56",""
"Henri","postPlay","","tvui","2025-08-05 19:16:52",""
"Henri","movieDetails","","tvui","2025-08-05 19:16:52",""
"Henri","playback","","tvui","2025-08-05 19:16:50",""
"Henri","postPlay","","tvui","2025-08-05 19:16:50",""
"Henri","episodesSelector","","tvui","2025-08-05 19:15:39",""
"Henri","playback","","tvui","2025-08-05 19:15:39",""
"Henri","movieDetails","","tvui","2025-08-05 19:15:32",""
"Henri","episodesSelector","","tvui","2025-08-05 19:15:32",""
"Henri","playback","","tvui","2025-08-05 19:15:27",""
"Henri","movieDetails","","tvui","2025-08-05 19:15:27",""
"Henri","playback","","tvui","2025-08-05 19:05:57",""
"Henri","movieDetails","","tvui","2025-08-05 19:05:57",""
"Henri","browseTitles","","tvui","2025-08-05 19:05:52",""
"Henri","movieDetails","","tvui","2025-08-05 19:05:52",""
"Henri","profilesGate","","tvui","2025-08-05 19:05:46",""
"Henri","profilesGate","","tvui","2025-08-05 19:05:46",""
"Henri","browseTitles","","tvui","2025-08-05 19:05:46",""
"Henri","movieDetails","","tvui","2025-08-04 19:49:13",""
"Henri","profilesGate","","tvui","2025-08-04 19:49:13",""
"Henri","episodesSelector","","tvui","2025-08-04 19:19:13",""
"Henri","movieDetails","","tvui","2025-08-04 19:19:13",""
"Henri","episodesSelector","","tvui","2025-08-04 19:18:42",""
"Henri","movieDetails","","tvui","2025-08-04 19:18:42",""
"Henri","movieDetails","","tvui","2025-08-04 19:18:39",""
"Henri","playback","","tvui","2025-08-04 19:18:39",""
"Henri","movieDetails","","tvui","2025-08-04 18:57:04",""
"Henri","playback","","tvui","2025-08-04 18:57:04",""
"Henri","playback","","tvui","2025-08-04 18:57:01",""
"Henri","movieDetails","","tvui","2025-08-04 18:57:01",""
"Henri","movieDetails","","tvui","2025-08-04 18:43:37",""
"Henri","playback","","tvui","2025-08-04 18:43:37",""
"Henri","browseTitles","","tvui","2025-08-04 18:43:35",""
"Henri","movieDetails","","tvui","2025-08-04 18:43:35",""
"Henri","profilesGate","","tvui","2025-08-04 18:43:29",""
"Henri","browseTitles","","tvui","2025-08-04 18:43:29",""
"Henri","profilesGate","","tvui","2025-07-31 21:50:47",""
"Henri","movieDetails","","tvui","2025-07-31 21:50:47",""
"Henri","playback","","tvui","2025-07-31 21:20:46",""
"Henri","movieDetails","","tvui","2025-07-31 21:20:46",""
"Henri","playback","","tvui","2025-07-31 21:20:36",""
"Henri","postPlay","","tvui","2025-07-31 21:20:36",""
"Henri","playback","","tvui","2025-07-31 21:20:34",""
"Henri","postPlay","","tvui","2025-07-31 21:20:34",""
"Henri","postPlay","","tvui","2025-07-31 20:30:34",""
"Henri","playback","","tvui","2025-07-31 20:30:34",""
"Henri","playback","","tvui","2025-07-31 20:30:22",""
"Henri","postPlay","","tvui","2025-07-31 20:30:22",""
"Henri","movieDetails","","tvui","2025-07-31 19:27:48",""
"Henri","playback","","tvui","2025-07-31 19:27:48",""
"Henri","browseTitles","","tvui","2025-07-31 19:27:42",""
"Henri","movieDetails","","tvui","2025-07-31 19:27:42",""
"Henri","profilesGate","","tvui","2025-07-31 19:27:27",""
"Henri","browseTitles","","tvui","2025-07-31 19:27:27",""
"Henri","profilesGate","","tvui","2025-07-31 03:03:24",""
"Henri","browseTitles","","tvui","2025-07-31 03:03:24",""
"Henri","browseTitles","","tvui","2025-07-30 22:01:58",""
"Henri","movieDetails","","tvui","2025-07-30 22:01:58",""
"Henri","postPlay","","tvui","2025-07-30 22:01:42",""
"Henri","movieDetails","","tvui","2025-07-30 22:01:42",""
"Henri","postPlay","","tvui","2025-07-30 22:01:41",""
"Henri","playback","","tvui","2025-07-30 22:01:41",""
"Henri","postPlay","","tvui","2025-07-30 22:01:35",""
"Henri","playback","","tvui","2025-07-30 22:01:35",""
"Henri","playback","","tvui","2025-07-30 22:01:24",""
"Henri","postPlay","","tvui","2025-07-30 22:01:24",""
"Henri","playback","","tvui","2025-07-30 21:28:14",""
"Henri","movieDetails","","tvui","2025-07-30 21:28:14",""
"Henri","browseTitles","","tvui","2025-07-30 21:28:12",""
"Henri","movieDetails","","tvui","2025-07-30 21:28:12",""
"Henri","profilesGate","","tvui","2025-07-30 21:27:59",""
"Henri","browseTitles","","tvui","2025-07-30 21:27:59",""
"Henri","profilesGate","","tvui","2025-07-30 21:27:59",""
"Henri","profilesGate","","tvui","2025-07-30 21:27:38",""
"Henri","profilesGate","","tvui","2025-07-28 22:05:33",""
"Henri","movieDetails","","tvui","2025-07-28 22:05:33",""
"Henri","playback","","tvui","2025-07-28 21:35:33",""
"Henri","movieDetails","","tvui","2025-07-28 21:35:33",""
"Henri","postPlay","","tvui","2025-07-28 21:19:10",""
"Henri","playback","","tvui","2025-07-28 21:19:10",""
"Henri","playback","","tvui","2025-07-28 21:19:08",""
"Henri","postPlay","","tvui","2025-07-28 21:19:08",""
"Henri","postPlay","","tvui","2025-07-28 21:17:53",""
"Henri","playback","","tvui","2025-07-28 21:17:53",""
"Henri","playback","","tvui","2025-07-28 21:17:51",""
"Henri","postPlay","","tvui","2025-07-28 21:17:51",""
"Henri","movieDetails","","tvui","2025-07-28 20:27:50",""
"Henri","playback","","tvui","2025-07-28 20:27:50",""
"Henri","browseTitles","","tvui","2025-07-28 20:27:48",""
"Henri","movieDetails","","tvui","2025-07-28 20:27:48",""
"Henri","profilesGate","","tvui","2025-07-28 20:27:41",""
"Henri","browseTitles","","tvui","2025-07-28 20:27:41",""
"Henri","profilesGate","","tvui","2025-07-28 20:27:36",""
"Henri","profilesGate","","tvui","2025-07-27 22:26:13",""
"Henri","movieDetails","","tvui","2025-07-27 22:26:13",""
"Henri","playback","","tvui","2025-07-27 21:56:13",""
"Henri","movieDetails","","tvui","2025-07-27 21:56:13",""
"Henri","postPlay","","tvui","2025-07-27 21:56:07",""
"Henri","playback","","tvui","2025-07-27 21:56:07",""
"Henri","playback","","tvui","2025-07-27 21:56:04",""
"Henri","postPlay","","tvui","2025-07-27 21:56:04",""
"Henri","movieDetails","","tvui","2025-07-27 21:37:35",""
"Henri","playback","","tvui","2025-07-27 21:37:35",""
"Henri","profilesGate","","tvui","2025-07-27 21:36:49",""
"Henri","movieDetails","","tvui","2025-07-27 21:36:49",""
"Henri","profilesGate","","tvui","2025-07-27 21:35:33",""
"Henri","movieDetails","","tvui","2025-07-27 21:28:11",""
"Henri","profilesGate","","tvui","2025-07-27 21:28:11",""
"Henri","playback","","tvui","2025-07-27 20:58:10",""
"Henri","movieDetails","","tvui","2025-07-27 20:58:10",""
"Henri","movieDetails","","tvui","2025-07-27 20:29:54",""
"Henri","playback","","tvui","2025-07-27 20:29:54",""
"Henri","playback","","tvui","2025-07-27 20:24:26",""
"Henri","movieDetails","","tvui","2025-07-27 20:24:26",""
"Henri","episodesSelector","","tvui","2025-07-27 20:13:41",""
"Henri","playback","","tvui","2025-07-27 20:13:41",""
"Henri","movieDetails","","tvui","2025-07-27 20:13:31",""
"Henri","episodesSelector","","tvui","2025-07-27 20:13:31",""
"Henri","movieDetails","","tvui","2025-07-27 20:13:27",""
"Henri","playback","","tvui","2025-07-27 20:13:27",""
"Henri","movieDetails","","tvui","2025-07-27 19:45:43",""
"Henri","playback","","tvui","2025-07-27 19:45:43",""
"Henri","playback","","tvui","2025-07-27 19:31:23",""
"Henri","movieDetails","","tvui","2025-07-27 19:31:23",""
"Henri","movieDetails","","tvui","2025-07-27 18:54:50",""
"Henri","playback","","tvui","2025-07-27 18:54:50",""
"Henri","movieDetails","","tvui","2025-07-27 18:54:46",""
"Henri","playback","","tvui","2025-07-27 18:54:46",""
"Henri","episodesSelector","","tvui","2025-07-27 18:54:36",""
"Henri","playback","","tvui","2025-07-27 18:54:36",""
"Henri","movieDetails","","tvui","2025-07-27 18:54:24",""
"Henri","episodesSelector","","tvui","2025-07-27 18:54:24",""
"Henri","browseTitles","","tvui","2025-07-27 18:54:19",""
"Henri","movieDetails","","tvui","2025-07-27 18:54:19",""
"Henri","profilesGate","","tvui","2025-07-27 18:54:00",""
"Henri","browseTitles","","tvui","2025-07-27 18:54:00",""
"Henri","movieDetails","","tvui","2025-07-15 20:46:37",""
"Henri","profilesGate","","tvui","2025-07-15 20:46:37",""
"Henri","movieDetails","","tvui","2025-07-15 20:31:39",""
"Henri","screenSaver","","tvui","2025-07-15 20:31:39",""
"Henri","screenSaver","","tvui","2025-07-15 20:31:37",""
"Henri","movieDetails","","tvui","2025-07-15 20:31:37",""
"Henri","movieDetails","","tvui","2025-07-15 20:31:37",""
"Henri","screenSaver","","tvui","2025-07-15 20:31:37",""
"Henri","movieDetails","","tvui","2025-07-15 20:21:36",""
"Henri","screenSaver","","tvui","2025-07-15 20:21:36",""
"Henri","movieDetails","","tvui","2025-07-15 20:16:36",""
"Henri","postPlay","","tvui","2025-07-15 20:16:36",""
"Henri","playback","","tvui","2025-07-15 20:16:04",""
"Henri","postPlay","","tvui","2025-07-15 20:16:04",""
"Henri","movieDetails","","tvui","2025-07-15 19:24:34",""
"Henri","playback","","tvui","2025-07-15 19:24:34",""
"Henri","movieDetails","","tvui","2025-07-15 19:24:32",""
"Henri","browseTitles","","tvui","2025-07-15 19:24:32",""
"Henri","movieDetails","","tvui","2025-07-15 19:24:23",""
"Henri","browseTitles","","tvui","2025-07-15 19:24:23",""
"Henri","playback","","tvui","2025-07-15 19:24:21",""
"Henri","movieDetails","","tvui","2025-07-15 19:24:21",""
"Henri","movieDetails","","tvui","2025-07-15 19:24:05",""
"Henri","playback","","tvui","2025-07-15 19:24:05",""
"Henri","profilesGate","","tvui","2025-07-15 19:24:02",""
"Henri","movieDetails","","tvui","2025-07-15 19:24:02",""
"Henri","profilesGate","","tvui","2025-07-15 19:21:31",""
"Henri","profilesGate","","tvui","2025-07-15 19:21:09",""
"Henri","movieDetails","","tvui","2025-07-15 19:21:09",""
"Henri","profilesGate","","tvui","2025-07-15 19:21:09",""
"Henri","profilesGate","","tvui","2025-07-15 19:21:08",""
"Henri","movieDetails","","tvui","2025-07-15 19:21:08",""
"Henri","profilesGate","","tvui","2025-07-14 22:29:10",""
"Henri","movieDetails","","tvui","2025-07-14 22:29:10",""
"Henri","movieDetails","","tvui","2025-07-14 21:59:10",""
"Henri","playback","","tvui","2025-07-14 21:59:10",""
"Henri","movieDetails","","tvui","2025-07-14 20:44:36",""
"Henri","playback","","tvui","2025-07-14 20:44:36",""
"Henri","profilesGate","","tvui","2025-07-14 20:44:32",""
"Henri","movieDetails","","tvui","2025-07-14 20:44:32",""
"Henri","profilesGate","","tvui","2025-07-14 08:19:53",""
"Henri","profilesGate","","tvui","2025-07-13 22:28:42",""
"Henri","browseTitles","","tvui","2025-07-13 22:28:42",""
"Henri","browseTitles","","tvui","2025-07-13 21:58:40",""
"Henri","movieDetails","","tvui","2025-07-13 21:58:40",""
"Henri","playback","","tvui","2025-07-13 21:58:38",""
"Henri","movieDetails","","tvui","2025-07-13 21:58:38",""
"Henri","movieDetails","","tvui","2025-07-13 19:54:31",""
"Henri","playback","","tvui","2025-07-13 19:54:31",""
"Henri","browseTitles","","tvui","2025-07-13 19:54:26",""
"Henri","movieDetails","","tvui","2025-07-13 19:54:26",""
"Henri","browseTitles","","tvui","2025-07-13 19:52:43",""
"Henri","profilesGate","","tvui","2025-07-13 19:52:43",""
"Henri","movieDetails","","tvui","2025-07-06 22:41:02",""
"Henri","profilesGate","","tvui","2025-07-06 22:41:02",""
"Henri","movieCreditsAndRatings","","tvui","2025-07-06 22:11:02",""
"Henri","movieDetails","","tvui","2025-07-06 22:11:02",""
"Henri","movieDetails","","tvui","2025-07-06 22:10:56",""
"Henri","movieDetails","","tvui","2025-07-06 22:10:56",""
"Henri","movieDetails","","tvui","2025-07-06 22:10:56",""
"Henri","movieCreditsAndRatings","","tvui","2025-07-06 22:10:56",""
"Henri","movieDetails","","tvui","2025-07-06 22:10:47",""
"Henri","postPlay","","tvui","2025-07-06 22:10:47",""
"Henri","postPlay","","tvui","2025-07-06 22:10:46",""
"Henri","playback","","tvui","2025-07-06 22:10:46",""
"Henri","postPlay","","tvui","2025-07-06 22:10:37",""
"Henri","playback","","tvui","2025-07-06 22:10:37",""
"Henri","playback","","tvui","2025-07-06 22:10:34",""
"Henri","postPlay","","tvui","2025-07-06 22:10:34",""
"Henri","playback","","tvui","2025-07-06 21:27:39",""
"Henri","movieDetails","","tvui","2025-07-06 21:27:39",""
"Henri","playback","","tvui","2025-07-06 21:27:23",""
"Henri","postPlay","","tvui","2025-07-06 21:27:23",""
"Henri","postPlay","","tvui","2025-07-06 21:27:23",""
"Henri","movieDetails","","tvui","2025-07-06 21:27:23",""
"Henri","playback","","tvui","2025-07-06 21:25:38",""
"Henri","episodesSelector","","tvui","2025-07-06 21:25:38",""
"Henri","movieDetails","","tvui","2025-07-06 21:25:29",""
"Henri","episodesSelector","","tvui","2025-07-06 21:25:29",""
"Henri","playback","","tvui","2025-07-06 21:25:26",""
"Henri","movieDetails","","tvui","2025-07-06 21:25:26",""
"Henri","playback","","tvui","2025-07-06 21:24:34",""
"Henri","episodesSelector","","tvui","2025-07-06 21:24:34",""
"Henri","episodesSelector","","tvui","2025-07-06 21:22:05",""
"Henri","movieDetails","","tvui","2025-07-06 21:22:05",""
"Henri","search","","tvui","2025-07-06 21:22:02",""
"Henri","movieDetails","","tvui","2025-07-06 21:22:02",""
"Henri","browseTitles","","tvui","2025-07-06 21:21:51",""
"Henri","search","","tvui","2025-07-06 21:21:51",""
"Henri","browseTitlesGallery","","tvui","2025-07-06 21:21:50",""
"Henri","browseTitles","","tvui","2025-07-06 21:21:50",""
"Henri","browseTitles","","tvui","2025-07-06 21:21:48",""
"Henri","browseTitlesGallery","","tvui","2025-07-06 21:21:48",""
"Henri","movieDetails","","tvui","2025-07-06 21:21:36",""
"Henri","browseTitles","","tvui","2025-07-06 21:21:36",""
"Henri","profilesGate","","tvui","2025-07-06 21:21:34",""
"Henri","movieDetails","","tvui","2025-07-06 21:21:34",""
"Henri","profilesGate","","tvui","2025-07-06 21:21:27",""
"Henri","movieDetails","","tvui","2025-07-06 20:47:49",""
"Henri","profilesGate","","tvui","2025-07-06 20:47:49",""
"Henri","playback","","tvui","2025-07-06 19:59:14",""
"Henri","movieDetails","","tvui","2025-07-06 19:59:14",""
"Henri","movieDetails","","tvui","2025-07-06 19:07:35",""
"Henri","playback","","tvui","2025-07-06 19:07:35",""
"Henri","movieDetails","","tvui","2025-07-06 19:07:31",""
"Henri","browseTitles","","tvui","2025-07-06 19:07:31",""
"Henri","profilesGate","","tvui","2025-07-06 19:07:22",""
"Henri","browseTitles","","tvui","2025-07-06 19:07:22",""
"Okona","browseTitlesGallery","","tvui","2025-07-06 19:07:16",""
"Okona","profilesGate","","tvui","2025-07-06 19:07:16",""
"Okona","browseTitlesGallery","","tvui","2025-07-06 19:06:49",""
"Okona","browseTitles","","tvui","2025-07-06 19:06:49",""
"Okona","profilesGate","","tvui","2025-07-06 19:06:43",""
"Okona","browseTitles","","tvui","2025-07-06 19:06:43",""
"Istiliguiliguili","browseTitles","","tvui","2025-07-06 19:06:38",""
"Istiliguiliguili","profilesGate","","tvui","2025-07-06 19:06:38",""
"Istiliguiliguili","browseTitlesGallery","","tvui","2025-07-06 19:06:34",""
"Istiliguiliguili","browseTitles","","tvui","2025-07-06 19:06:34",""
"Istiliguiliguili","browseTitles","","tvui","2025-07-06 19:06:11",""
"Istiliguiliguili","browseTitlesGallery","","tvui","2025-07-06 19:06:11",""
"Istiliguiliguili","browseTitles","","tvui","2025-07-06 19:05:37",""
"Istiliguiliguili","profilesGate","","tvui","2025-07-06 19:05:37",""
"Okona","browseTitles","","tvui","2025-07-05 21:41:32",""
"Okona","profilesGate","","tvui","2025-07-05 21:41:32",""
"Okona","movieDetails","","tvui","2025-07-05 21:11:32",""
"Okona","browseTitles","","tvui","2025-07-05 21:11:32",""
"Okona","postPlay","","tvui","2025-07-05 21:11:27",""
"Okona","movieDetails","","tvui","2025-07-05 21:11:27",""
"Okona","playback","","tvui","2025-07-05 21:10:27",""
"Okona","postPlay","","tvui","2025-07-05 21:10:27",""
"Okona","movieDetails","","tvui","2025-07-05 20:41:50",""
"Okona","playback","","tvui","2025-07-05 20:41:50",""
"Okona","playback","","tvui","2025-07-05 20:36:20",""
"Okona","movieDetails","","tvui","2025-07-05 20:36:20",""
"Okona","movieDetails","","tvui","2025-07-05 19:36:09",""
"Okona","playback","","tvui","2025-07-05 19:36:09",""
"Okona","movieDetails","","tvui","2025-07-05 19:36:07",""
"Okona","browseTitles","","tvui","2025-07-05 19:36:07",""
"Okona","profilesGate","","tvui","2025-07-05 19:35:42",""
"Okona","profilesGate","","tvui","2025-07-05 19:35:42",""
"Okona","browseTitles","","tvui","2025-07-05 19:35:42",""
"Okona","profilesGate","","tvui","2025-07-05 19:35:24",""
"Okona","movieDetails","","tvui","2025-07-05 19:35:24",""
"Okona","profilesGate","","tvui","2025-07-05 19:35:24",""
"Okona","profilesGate","","tvui","2025-07-05 19:35:23",""
"Okona","movieDetails","","tvui","2025-07-05 19:35:23",""
"Okona","profilesGate","","tvui","2025-07-05 10:36:00",""
"Okona","profilesGate","","tvui","2025-07-04 20:36:29",""
"Okona","movieDetails","","tvui","2025-07-03 21:28:14",""
"Okona","profilesGate","","tvui","2025-07-03 21:28:14",""
"Okona","playback","","tvui","2025-07-03 20:58:13",""
"Okona","movieDetails","","tvui","2025-07-03 20:58:13",""
"Okona","movieDetails","","tvui","2025-07-03 20:10:40",""
"Okona","playback","","tvui","2025-07-03 20:10:40",""
"Okona","playback","","tvui","2025-07-03 20:10:14",""
"Okona","movieDetails","","tvui","2025-07-03 20:10:14",""
"Okona","movieDetails","","tvui","2025-07-03 19:49:43",""
"Okona","playback","","tvui","2025-07-03 19:49:43",""
"Okona","browseTitles","","tvui","2025-07-03 19:49:23",""
"Okona","movieDetails","","tvui","2025-07-03 19:49:23",""
"Okona","movieDetails","","tvui","2025-07-03 19:45:29",""
"Okona","browseTitles","","tvui","2025-07-03 19:45:29",""
"Okona","episodesSelector","","tvui","2025-07-03 19:45:27",""
"Okona","movieDetails","","tvui","2025-07-03 19:45:27",""
"Okona","movieDetails","","tvui","2025-07-03 19:45:21",""
"Okona","episodesSelector","","tvui","2025-07-03 19:45:21",""
"Okona","movieDetails","","tvui","2025-07-03 19:45:14",""
"Okona","browseTitles","","tvui","2025-07-03 19:45:14",""
"Okona","profilesGate","","tvui","2025-07-03 19:44:34",""
"Okona","browseTitles","","tvui","2025-07-03 19:44:34",""
"Istiliguiliguili","browseTitles","","tvui","2025-07-03 19:44:28",""
"Istiliguiliguili","profilesGate","","tvui","2025-07-03 19:44:28",""
"Istiliguiliguili","browseTitlesGallery","","tvui","2025-07-03 19:44:24",""
"Istiliguiliguili","browseTitles","","tvui","2025-07-03 19:44:24",""
"Istiliguiliguili","browseTitlesGallery","","tvui","2025-07-03 19:44:06",""
"Istiliguiliguili","browseTitles","","tvui","2025-07-03 19:44:06",""
"Istiliguiliguili","profilesGate","","tvui","2025-07-03 19:43:24",""
"Istiliguiliguili","browseTitles","","tvui","2025-07-03 19:43:24",""
"Istiliguiliguili","postPlay","","iOS","2025-06-28 02:12:31",""
"Istiliguiliguili","playback","","iOS","2025-06-28 02:12:31",""
"Istiliguiliguili","playback","","iOS","2025-06-28 02:12:01",""
"Istiliguiliguili","postPlay","","iOS","2025-06-28 02:12:01",""
"Istiliguiliguili","browseTitles","","iOS","2025-06-28 01:55:52",""
"Istiliguiliguili","playback","","iOS","2025-06-28 01:55:52",""
"Istiliguiliguili","movieDetails","","iOS","2025-06-28 01:55:51",""
"Istiliguiliguili","browseTitles","","iOS","2025-06-28 01:55:51",""
"Istiliguiliguili","movieDetails","","iOS","2025-06-28 01:55:42",""
"Istiliguiliguili","browseTitles","","iOS","2025-06-28 01:55:42",""
"Istiliguiliguili","movieDetails","","iOS","2025-06-28 01:55:42",""
"Istiliguiliguili","browseTitles","","iOS","2025-06-28 01:55:41",""
"Istiliguiliguili","browseTitles","","iOS","2025-06-28 01:55:37",""
"Istiliguiliguili","playback","","iOS","2025-06-28 01:55:37",""
"Istiliguiliguili","browseTitles","","iOS","2025-06-28 01:55:37",""
"Istiliguiliguili","browseTitles","","iOS","2025-06-28 00:16:38",""
"Istiliguiliguili","playback","","iOS","2025-06-28 00:16:38",""
"Istiliguiliguili","browseTitles","","iOS","2025-06-28 00:16:18",""
"Istiliguiliguili","playback","","iOS","2025-06-27 22:26:16",""
"Istiliguiliguili","browseTitles","","iOS","2025-06-27 22:26:16",""
"Istiliguiliguili","postPlay","","iOS","2025-06-27 21:56:43",""
"Istiliguiliguili","playback","","iOS","2025-06-27 21:56:43",""
"Istiliguiliguili","playback","","iOS","2025-06-27 21:56:37",""
"Istiliguiliguili","postPlay","","iOS","2025-06-27 21:56:37",""
"Istiliguiliguili","browseTitles","","iOS","2025-06-27 21:23:23",""
"Istiliguiliguili","playback","","iOS","2025-06-27 21:23:23",""
"Istiliguiliguili","browseTitles","","iOS","2025-06-27 21:23:20",""
"Istiliguiliguili","playback","","iOS","2025-06-27 17:03:39",""
"Istiliguiliguili","browseTitles","","iOS","2025-06-27 17:03:39",""
"Istiliguiliguili","browseTitles","","iOS","2025-06-27 16:17:15",""
"Istiliguiliguili","browseTitles","","iOS","2025-06-27 16:17:15",""
"Istiliguiliguili","playback","","iOS","2025-06-27 16:17:15",""
"Istiliguiliguili","profilesGate","","iOS","2025-06-27 16:17:05",""
"Istiliguiliguili","browseTitles","","iOS","2025-06-27 16:17:05",""
"Istiliguiliguili","profilesGate","","iOS","2025-06-27 16:17:05",""
"Istiliguiliguili","playback","","iOS","2025-06-27 02:26:28",""
"Istiliguiliguili","movieDetails","","iOS","2025-06-27 02:26:28",""
"Istiliguiliguili","postPlay","","iOS","2025-06-27 01:05:28",""
"Istiliguiliguili","playback","","iOS","2025-06-27 01:05:28",""
"Istiliguiliguili","playback","","iOS","2025-06-27 01:04:25",""
"Istiliguiliguili","postPlay","","iOS","2025-06-27 01:04:25",""
"Istiliguiliguili","movieDetails","","iOS","2025-06-26 23:40:17",""
"Istiliguiliguili","playback","","iOS","2025-06-26 23:40:17",""
"Istiliguiliguili","movieDetails","","iOS","2025-06-26 23:40:14",""
"Istiliguiliguili","search","","iOS","2025-06-26 23:40:13",""
"Istiliguiliguili","search","","iOS","2025-06-26 23:40:13",""
"Istiliguiliguili","movieDetails","","iOS","2025-06-26 23:40:13",""
"Istiliguiliguili","movieDetails","","iOS","2025-06-26 23:39:35",""
"Istiliguiliguili","search","","iOS","2025-06-26 23:39:35",""
"Istiliguiliguili","movieDetails","","iOS","2025-06-26 23:39:28",""
"Istiliguiliguili","movieDetails","","iOS","2025-06-26 23:39:21",""
"Istiliguiliguili","movieDetails","","iOS","2025-06-26 23:39:11",""
"Istiliguiliguili","playback","","iOS","2025-06-26 23:39:04",""
"Istiliguiliguili","movieDetails","","iOS","2025-06-26 23:39:04",""
"Istiliguiliguili","movieDetails","","iOS","2025-06-26 23:23:17",""
"Istiliguiliguili","playback","","iOS","2025-06-26 23:23:17",""
"Istiliguiliguili","movieDetails","","iOS","2025-06-26 23:06:07",""
"Istiliguiliguili","editProfiles","","iOS","2025-06-26 23:04:59",""
"Istiliguiliguili","myProfileView","","iOS","2025-06-26 23:04:59",""
"Istiliguiliguili","myProfileView","","iOS","2025-06-26 23:04:59",""
"Istiliguiliguili","editProfiles","","iOS","2025-06-26 23:04:56",""
"Istiliguiliguili","myProfileView","","iOS","2025-06-26 23:04:40",""
"Istiliguiliguili","movieDetails","","iOS","2025-06-26 23:04:40",""
"Istiliguiliguili","movieDetails","","iOS","2025-06-26 23:04:19",""
"Istiliguiliguili","search","","iOS","2025-06-26 23:04:18",""
"Istiliguiliguili","movieDetails","","iOS","2025-06-26 23:01:22",""
"Istiliguiliguili","browseTitles","","iOS","2025-06-26 23:01:21",""
"Istiliguiliguili","movieDetails","","iOS","2025-06-26 23:00:50",""
"Istiliguiliguili","browseTitles","","iOS","2025-06-26 23:00:49",""
"Istiliguiliguili","movieDetails","","iOS","2025-06-26 23:00:14",""
"Istiliguiliguili","browseTitles","","iOS","2025-06-26 23:00:13",""
"Istiliguiliguili","movieDetails","","iOS","2025-06-26 22:59:51",""
"Istiliguiliguili","browseTitles","","iOS","2025-06-26 22:59:50",""
"Istiliguiliguili","profilesGate","","iOS","2025-06-26 22:57:41",""
"Istiliguiliguili","profilesGate","","iOS","2025-06-26 22:57:41",""
"Istiliguiliguili","browseTitles","","iOS","2025-06-26 22:57:41",""
"Henri","profilesGate","","tvui","2025-06-24 10:31:03",""
"Henri","browseTitles","","tvui","2025-06-23 21:04:58",""
"Henri","profilesGate","","tvui","2025-06-23 21:04:58",""
"Henri","search","","tvui","2025-06-23 20:34:54",""
"Henri","browseTitles","","tvui","2025-06-23 20:34:54",""
"Henri","browseTitles","","tvui","2025-06-23 20:34:36",""
"Henri","search","","tvui","2025-06-23 20:34:36",""
"Henri","browseTitles","","tvui","2025-06-23 20:34:27",""
"Henri","profilesGate","","tvui","2025-06-23 20:34:27",""
"Henri","profilesGate","","tvui","2025-06-23 20:34:25",""
"Henri","profilesGate","","tvui","2025-06-23 20:34:07",""
"Henri","browseTitlesGallery","","tvui","2025-06-22 21:17:21",""
"Henri","profilesGate","","tvui","2025-06-22 21:17:21",""
"Henri","movieDetails","","tvui","2025-06-22 20:47:21",""
"Henri","browseTitlesGallery","","tvui","2025-06-22 20:47:21",""
"Henri","playback","","tvui","2025-06-22 20:47:18",""
"Henri","movieDetails","","tvui","2025-06-22 20:47:18",""
"Henri","movieDetails","","tvui","2025-06-22 20:14:32",""
"Henri","playback","","tvui","2025-06-22 20:14:32",""
"Henri","browseTitlesGallery","","tvui","2025-06-22 20:14:30",""
"Henri","movieDetails","","tvui","2025-06-22 20:14:30",""
"Henri","movieDetails","","tvui","2025-06-22 20:11:32",""
"Henri","browseTitlesGallery","","tvui","2025-06-22 20:11:32",""
"Henri","browseTitlesGallery","","tvui","2025-06-22 20:11:28",""
"Henri","movieDetails","","tvui","2025-06-22 20:11:28",""
"Henri","movieDetails","","tvui","2025-06-22 20:11:24",""
"Henri","browseTitlesGallery","","tvui","2025-06-22 20:11:24",""
"Henri","browseTitlesGallery","","tvui","2025-06-22 20:11:18",""
"Henri","movieDetails","","tvui","2025-06-22 20:11:18",""
"Henri","browseTitles","","tvui","2025-06-22 20:10:47",""
"Henri","browseTitlesGallery","","tvui","2025-06-22 20:10:47",""
"Henri","profilesGate","","tvui","2025-06-22 20:10:24",""
"Henri","browseTitles","","tvui","2025-06-22 20:10:24",""
"Henri","profilesGate","","tvui","2025-06-18 11:19:17",""
"Henri","browseTitlesGallery","","tvui","2025-06-18 11:19:17",""
"Henri","movieDetails","","tvui","2025-06-18 10:48:41",""
"Henri","browseTitlesGallery","","tvui","2025-06-18 10:48:41",""
"Henri","playback","","tvui","2025-06-18 10:48:39",""
"Henri","movieDetails","","tvui","2025-06-18 10:48:39",""
"Henri","movieDetails","","tvui","2025-06-18 10:47:49",""
"Henri","playback","","tvui","2025-06-18 10:47:49",""
"Henri","browseTitlesGallery","","tvui","2025-06-18 10:47:32",""
"Henri","movieDetails","","tvui","2025-06-18 10:47:32",""
"Henri","search","","tvui","2025-06-18 10:45:37",""
"Henri","browseTitlesGallery","","tvui","2025-06-18 10:45:37",""
"Henri","search","","tvui","2025-06-18 10:45:18",""
"Henri","browseTitles","","tvui","2025-06-18 10:45:18",""
"Henri","profilesGate","","tvui","2025-06-18 10:45:08",""
"Henri","browseTitles","","tvui","2025-06-18 10:45:08",""
"Okona","profilesGate","","tvui","2025-06-12 23:34:47",""
"Okona","screenSaver","","tvui","2025-06-05 18:32:46",""
"Okona","profilesGate","","tvui","2025-06-05 18:32:46",""
"Okona","profilesGate","","tvui","2025-06-05 18:32:44",""
"Okona","screenSaver","","tvui","2025-06-05 18:32:44",""
"Okona","screenSaver","","tvui","2025-06-05 18:32:43",""
"Okona","profilesGate","","tvui","2025-06-05 18:32:43",""
"Okona","profilesGate","","tvui","2025-06-05 18:27:47",""
"Okona","screenSaver","","tvui","2025-06-05 18:27:47",""
"Okona","profilesGate","","tvui","2025-06-05 18:22:47",""
"Okona","screenSaver","","tvui","2025-06-05 17:10:20",""
"Okona","profilesGate","","tvui","2025-06-05 17:10:20",""
"Okona","profilesGate","","tvui","2025-06-05 17:10:19",""
"Okona","screenSaver","","tvui","2025-06-05 17:10:19",""
"Okona","screenSaver","","tvui","2025-06-05 17:10:18",""
"Okona","profilesGate","","tvui","2025-06-05 17:10:18",""
"Okona","profilesGate","","tvui","2025-06-05 16:53:00",""
"Okona","screenSaver","","tvui","2025-06-05 16:53:00",""
"Okona","profilesGate","","tvui","2025-06-05 16:48:00",""
"Okona","profilesGate","","tvui","2025-06-04 15:42:02",""
"Okona","profilesGate","","tvui","2025-06-04 15:41:45",""
"Okona","browseTitles","","tvui","2025-06-03 18:28:55",""
"Okona","profilesGate","","tvui","2025-06-03 18:28:55",""
"Okona","browseTitles","","tvui","2025-06-03 17:58:22",""
"Okona","search","","tvui","2025-06-03 17:58:22",""
"Okona","search","","tvui","2025-06-03 17:54:01",""
"Okona","browseTitles","","tvui","2025-06-03 17:54:01",""
"Okona","movieDetails","","tvui","2025-06-03 17:53:39",""
"Okona","browseTitles","","tvui","2025-06-03 17:53:39",""
"Okona","browseTitles","","tvui","2025-06-03 17:53:34",""
"Okona","movieDetails","","tvui","2025-06-03 17:53:34",""
"Okona","movieDetails","","tvui","2025-06-03 17:53:06",""
"Okona","browseTitles","","tvui","2025-06-03 17:53:06",""
"Okona","browseTitles","","tvui","2025-06-03 17:52:58",""
"Okona","movieDetails","","tvui","2025-06-03 17:52:58",""
"Okona","movieDetails","","tvui","2025-06-03 17:52:19",""
"Okona","browseTitles","","tvui","2025-06-03 17:52:19",""
"Okona","browseTitles","","tvui","2025-06-03 17:52:17",""
"Okona","movieDetails","","tvui","2025-06-03 17:52:17",""
"Okona","profilesGate","","tvui","2025-06-03 17:51:51",""
"Okona","browseTitles","","tvui","2025-06-03 17:51:51",""
"Okona","profilesGate","","tvui","2025-06-03 17:51:47",""
"Okona","browseTitles","","tvui","2025-06-03 12:53:44",""
"Okona","profilesGate","","tvui","2025-06-03 12:53:44",""
"Okona","movieDetails","","tvui","2025-06-03 12:23:03",""
"Okona","browseTitles","","tvui","2025-06-03 12:23:03",""
"Okona","movieDetails","","tvui","2025-06-03 12:22:58",""
"Okona","playback","","tvui","2025-06-03 12:22:58",""
"Okona","movieDetails","","tvui","2025-06-03 12:22:17",""
"Okona","playback","","tvui","2025-06-03 12:22:17",""
"Okona","movieDetails","","tvui","2025-06-03 12:12:08",""
"Okona","playback","","tvui","2025-06-03 12:12:08",""
"Okona","movieDetails","","tvui","2025-06-03 11:57:01",""
"Okona","playback","","tvui","2025-06-03 11:57:01",""
"Okona","playback","","tvui","2025-06-03 11:44:48",""
"Okona","movieDetails","","tvui","2025-06-03 11:44:48",""
"Okona","movieDetails","","tvui","2025-06-03 11:34:35",""
"Okona","playback","","tvui","2025-06-03 11:34:35",""
"Okona","browseTitles","","tvui","2025-06-03 11:34:33",""
"Okona","movieDetails","","tvui","2025-06-03 11:34:33",""
"Okona","browseTitles","","tvui","2025-06-03 11:32:19",""
"Okona","movieDetails","","tvui","2025-06-03 11:32:19",""
"Okona","browseTitles","","tvui","2025-06-03 11:32:16",""
"Okona","movieDetails","","tvui","2025-06-03 11:32:16",""
"Okona","browseTitles","","tvui","2025-06-03 11:32:00",""
"Okona","movieDetails","","tvui","2025-06-03 11:32:00",""
"Okona","movieDetails","","tvui","2025-06-03 11:31:47",""
"Okona","postPlay","","tvui","2025-06-03 11:31:47",""
"Okona","playback","","tvui","2025-06-03 11:31:45",""
"Okona","postPlay","","tvui","2025-06-03 11:31:45",""
"Okona","movieDetails","","tvui","2025-06-03 10:36:56",""
"Okona","playback","","tvui","2025-06-03 10:36:56",""
"Okona","browseTitles","","tvui","2025-06-03 10:36:53",""
"Okona","movieDetails","","tvui","2025-06-03 10:36:53",""
"Okona","movieDetails","","tvui","2025-06-03 10:35:48",""
"Okona","browseTitles","","tvui","2025-06-03 10:35:48",""
"Okona","browseTitles","","tvui","2025-06-03 10:35:40",""
"Okona","movieDetails","","tvui","2025-06-03 10:35:40",""
"Okona","profilesGate","","tvui","2025-06-03 10:35:33",""
"Okona","profilesGate","","tvui","2025-06-03 10:35:33",""
"Okona","browseTitles","","tvui","2025-06-03 10:35:33",""
"Okona","profilesGate","","tvui","2025-06-03 10:30:23",""
"Okona","profilesGate","","tvui","2025-06-03 01:33:02",""
"Okona","browseTitles","","tvui","2025-06-03 01:33:02",""
"Okona","movieDetails","","tvui","2025-06-03 01:03:02",""
"Okona","browseTitles","","tvui","2025-06-03 01:03:02",""
"Okona","episodesSelector","","tvui","2025-06-03 01:02:59",""
"Okona","movieDetails","","tvui","2025-06-03 01:02:59",""
"Okona","movieDetails","","tvui","2025-06-03 01:01:23",""
"Okona","episodesSelector","","tvui","2025-06-03 01:01:23",""
"Okona","browseTitles","","tvui","2025-06-03 01:01:20",""
"Okona","movieDetails","","tvui","2025-06-03 01:01:20",""
"Okona","movieDetails","","tvui","2025-06-03 00:58:14",""
"Okona","browseTitles","","tvui","2025-06-03 00:58:14",""
"Okona","episodesSelector","","tvui","2025-06-03 00:58:12",""
"Okona","movieDetails","","tvui","2025-06-03 00:58:12",""
"Okona","movieDetails","","tvui","2025-06-03 00:58:07",""
"Okona","episodesSelector","","tvui","2025-06-03 00:58:07",""
"Okona","browseTitles","","tvui","2025-06-03 00:58:00",""
"Okona","movieDetails","","tvui","2025-06-03 00:58:00",""
"Okona","movieDetails","","tvui","2025-06-03 00:55:41",""
"Okona","browseTitles","","tvui","2025-06-03 00:55:41",""
"Okona","browseTitles","","tvui","2025-06-03 00:55:36",""
"Okona","movieDetails","","tvui","2025-06-03 00:55:36",""
"Okona","movieDetails","","tvui","2025-06-03 00:52:57",""
"Okona","browseTitles","","tvui","2025-06-03 00:52:57",""
"Okona","browseTitles","","tvui","2025-06-03 00:52:52",""
"Okona","movieDetails","","tvui","2025-06-03 00:52:52",""
"Okona","movieDetails","","tvui","2025-06-03 00:51:18",""
"Okona","browseTitles","","tvui","2025-06-03 00:51:18",""
"Okona","browseTitles","","tvui","2025-06-03 00:51:14",""
"Okona","movieDetails","","tvui","2025-06-03 00:51:14",""
"Okona","movieDetails","","tvui","2025-06-03 00:48:52",""
"Okona","browseTitles","","tvui","2025-06-03 00:48:52",""
"Okona","movieDetails","","tvui","2025-06-03 00:48:50",""
"Okona","contentWarning","","tvui","2025-06-03 00:48:50",""
"Okona","contentWarning","","tvui","2025-06-03 00:48:46",""
"Okona","movieDetails","","tvui","2025-06-03 00:48:46",""
"Okona","movieDetails","","tvui","2025-06-03 00:48:36",""
"Okona","browseTitles","","tvui","2025-06-03 00:48:36",""
"Okona","movieDetails","","tvui","2025-06-03 00:36:11",""
"Okona","browseTitles","","tvui","2025-06-03 00:36:11",""
"Okona","movieDetails","","tvui","2025-06-03 00:36:04",""
"Okona","postPlay","","tvui","2025-06-03 00:36:04",""
"Okona","playback","","tvui","2025-06-03 00:35:57",""
"Okona","postPlay","","tvui","2025-06-03 00:35:57",""
"Okona","postPlay","","tvui","2025-06-03 00:35:50",""
"Okona","playback","","tvui","2025-06-03 00:35:50",""
"Okona","playback","","tvui","2025-06-03 00:35:45",""
"Okona","postPlay","","tvui","2025-06-03 00:35:45",""
"Okona","movieDetails","","tvui","2025-06-02 22:39:08",""
"Okona","playback","","tvui","2025-06-02 22:39:08",""
"Okona","playback","","tvui","2025-06-02 22:35:24",""
"Okona","movieDetails","","tvui","2025-06-02 22:35:24",""
"Okona","playback","","tvui","2025-06-02 22:21:12",""
"Okona","movieDetails","","tvui","2025-06-02 22:21:12",""
"Okona","browseTitles","","tvui","2025-06-02 22:21:10",""
"Okona","movieDetails","","tvui","2025-06-02 22:21:10",""
"Okona","browseTitles","","tvui","2025-06-02 22:17:00",""
"Okona","movieDetails","","tvui","2025-06-02 22:17:00",""
"Okona","browseTitles","","tvui","2025-06-02 22:16:56",""
"Okona","movieDetails","","tvui","2025-06-02 22:16:56",""
"Okona","browseTitles","","tvui","2025-06-02 22:16:31",""
"Okona","movieDetails","","tvui","2025-06-02 22:16:31",""
"Okona","browseTitles","","tvui","2025-06-02 22:16:29",""
"Okona","movieDetails","","tvui","2025-06-02 22:16:29",""
"Okona","browseTitles","","tvui","2025-06-02 22:15:43",""
"Okona","movieDetails","","tvui","2025-06-02 22:15:43",""
"Okona","browseTitles","","tvui","2025-06-02 22:15:40",""
"Okona","movieDetails","","tvui","2025-06-02 22:15:40",""
"Okona","browseTitles","","tvui","2025-06-02 22:15:36",""
"Okona","movieDetails","","tvui","2025-06-02 22:15:36",""
"Okona","browseTitles","","tvui","2025-06-02 22:15:34",""
"Okona","movieDetails","","tvui","2025-06-02 22:15:34",""
"Okona","movieDetails","","tvui","2025-06-02 22:15:22",""
"Okona","browseTitles","","tvui","2025-06-02 22:15:22",""
"Okona","playback","","tvui","2025-06-02 22:15:19",""
"Okona","movieDetails","","tvui","2025-06-02 22:15:19",""
"Okona","playback","","tvui","2025-06-02 21:40:01",""
"Okona","movieDetails","","tvui","2025-06-02 21:40:01",""
"Okona","postPlay","","tvui","2025-06-02 21:39:59",""
"Okona","movieDetails","","tvui","2025-06-02 21:39:59",""
"Okona","playback","","tvui","2025-06-02 21:39:39",""
"Okona","postPlay","","tvui","2025-06-02 21:39:39",""
"Okona","postPlay","","tvui","2025-06-02 21:36:23",""
"Okona","playback","","tvui","2025-06-02 21:36:23",""
"Okona","playback","","tvui","2025-06-02 21:36:07",""
"Okona","postPlay","","tvui","2025-06-02 21:36:07",""
"Okona","movieDetails","","tvui","2025-06-02 20:39:55",""
"Okona","playback","","tvui","2025-06-02 20:39:55",""
"Okona","movieDetails","","tvui","2025-06-02 20:38:26",""
"Okona","playback","","tvui","2025-06-02 20:38:26",""
"Okona","movieDetails","","tvui","2025-06-02 20:28:19",""
"Okona","playback","","tvui","2025-06-02 20:28:19",""
"Okona","profilesGate","","tvui","2025-06-02 20:28:12",""
"Okona","movieDetails","","tvui","2025-06-02 20:28:12",""
"Okona","profilesGate","","tvui","2025-06-02 20:28:01",""
"Okona","movieDetails","","tvui","2025-06-02 18:23:02",""
"Okona","profilesGate","","tvui","2025-06-02 18:23:02",""
"Okona","playback","","tvui","2025-06-02 17:53:02",""
"Okona","movieDetails","","tvui","2025-06-02 17:53:02",""
"Okona","playback","","tvui","2025-06-02 17:10:48",""
"Okona","movieDetails","","tvui","2025-06-02 17:10:48",""
"Okona","browseTitles","","tvui","2025-06-02 17:10:45",""
"Okona","movieDetails","","tvui","2025-06-02 17:10:45",""
"Okona","profilesGate","","tvui","2025-06-02 17:10:41",""
"Okona","browseTitles","","tvui","2025-06-02 17:10:41",""
"Okona","profilesGate","","tvui","2025-06-02 17:10:39",""
"Okona","profilesGate","","tvui","2025-06-02 17:06:45",""
"Okona","browseTitles","","tvui","2025-06-02 17:06:45",""
"Okona","playback","","tvui","2025-06-02 16:36:44",""
"Okona","browseTitles","","tvui","2025-06-02 16:36:44",""
"Okona","browseTitles","","tvui","2025-06-02 15:55:16",""
"Okona","playback","","tvui","2025-06-02 15:55:16",""
"Okona","browseTitles","","tvui","2025-06-02 15:55:01",""
"Okona","profilesGate","","tvui","2025-06-02 15:55:01",""
"Henri","profilesGate","","tvui","2025-06-02 15:54:43",""
"Henri","profilesGate","","tvui","2025-06-02 15:51:28",""
"Henri","movieDetails","","tvui","2025-06-01 19:08:41",""
"Henri","profilesGate","","tvui","2025-06-01 19:08:41",""
"Henri","playback","","tvui","2025-06-01 18:38:41",""
"Henri","movieDetails","","tvui","2025-06-01 18:38:41",""
"Henri","playback","","tvui","2025-06-01 18:24:12",""
"Henri","movieDetails","","tvui","2025-06-01 18:24:12",""
"Henri","browseTitles","","tvui","2025-06-01 18:24:05",""
"Henri","movieDetails","","tvui","2025-06-01 18:24:05",""
"Henri","browseTitles","","tvui","2025-06-01 18:24:03",""
"Henri","playback","","tvui","2025-06-01 18:24:03",""
"Henri","playback","","tvui","2025-06-01 18:23:56",""
"Henri","browseTitles","","tvui","2025-06-01 18:23:56",""
"Henri","profilesGate","","tvui","2025-06-01 18:23:52",""
"Henri","profilesGate","","tvui","2025-06-01 18:23:52",""
"Henri","browseTitles","","tvui","2025-06-01 18:23:52",""
"Henri","profilesGate","","tvui","2025-06-01 18:23:28",""
"Henri","profilesGate","","tvui","2025-05-31 20:27:10",""
"Henri","movieDetails","","tvui","2025-05-31 20:27:10",""
"Henri","playback","","tvui","2025-05-31 19:57:10",""
"Henri","movieDetails","","tvui","2025-05-31 19:57:10",""
"Henri","movieDetails","","tvui","2025-05-31 19:47:07",""
"Henri","playback","","tvui","2025-05-31 19:47:07",""
"Henri","movieCreditsAndRatings","","tvui","2025-05-31 19:47:03",""
"Henri","movieDetails","","tvui","2025-05-31 19:47:03",""
"Henri","movieDetails","","tvui","2025-05-31 19:46:03",""
"Henri","movieDetails","","tvui","2025-05-31 19:46:03",""
"Henri","movieDetails","","tvui","2025-05-31 19:46:03",""
"Henri","movieCreditsAndRatings","","tvui","2025-05-31 19:46:03",""
"Henri","playback","","tvui","2025-05-31 19:45:54",""
"Henri","movieDetails","","tvui","2025-05-31 19:45:54",""
"Henri","movieDetails","","tvui","2025-05-31 19:45:48",""
"Henri","playback","","tvui","2025-05-31 19:45:48",""
"Henri","browseTitles","","tvui","2025-05-31 19:45:41",""
"Henri","movieDetails","","tvui","2025-05-31 19:45:41",""
"Henri","movieDetails","","tvui","2025-05-31 19:45:35",""
"Henri","browseTitles","","tvui","2025-05-31 19:45:35",""
"Henri","browseTitles","","tvui","2025-05-31 19:45:31",""
"Henri","movieDetails","","tvui","2025-05-31 19:45:31",""
"Henri","movieDetails","","tvui","2025-05-31 19:45:29",""
"Henri","browseTitles","","tvui","2025-05-31 19:45:29",""
"Henri","movieDetails","","tvui","2025-05-31 19:45:22",""
"Henri","audioSubtitlesSelector","","tvui","2025-05-31 19:45:22",""
"Henri","audioSubtitlesSelector","","tvui","2025-05-31 19:45:14",""
"Henri","movieDetails","","tvui","2025-05-31 19:45:14",""
"Henri","browseTitles","","tvui","2025-05-31 19:45:09",""
"Henri","movieDetails","","tvui","2025-05-31 19:45:09",""
"Henri","profilesGate","","tvui","2025-05-31 19:44:40",""
"Henri","browseTitles","","tvui","2025-05-31 19:44:40",""
"Okona","profilesGate","","tvui","2025-05-31 19:44:35",""
"Okona","profilesGate","","tvui","2025-05-31 19:44:16",""
"Okona","movieDetails","","tvui","2025-05-28 22:28:15",""
"Okona","profilesGate","","tvui","2025-05-28 22:28:15",""
"Okona","episodesSelector","","tvui","2025-05-28 21:58:15",""
"Okona","movieDetails","","tvui","2025-05-28 21:58:15",""
"Okona","movieDetails","","tvui","2025-05-28 21:57:51",""
"Okona","episodesSelector","","tvui","2025-05-28 21:57:51",""
"Okona","postPlay","","tvui","2025-05-28 21:57:46",""
"Okona","movieDetails","","tvui","2025-05-28 21:57:46",""
"Okona","playback","","tvui","2025-05-28 21:57:45",""
"Okona","postPlay","","tvui","2025-05-28 21:57:45",""
"Okona","postPlay","","tvui","2025-05-28 21:57:43",""
"Okona","playback","","tvui","2025-05-28 21:57:43",""
"Okona","playback","","tvui","2025-05-28 21:57:40",""
"Okona","postPlay","","tvui","2025-05-28 21:57:40",""
"Okona","movieDetails","","tvui","2025-05-28 21:16:00",""
"Okona","playback","","tvui","2025-05-28 21:16:00",""
"Okona","screenSaver","","tvui","2025-05-28 21:15:26",""
"Okona","movieDetails","","tvui","2025-05-28 21:15:26",""
"Okona","movieDetails","","tvui","2025-05-28 21:08:04",""
"Okona","screenSaver","","tvui","2025-05-28 21:08:04",""
"Okona","profilesGate","","tvui","2025-05-28 21:03:04",""
"Okona","movieDetails","","tvui","2025-05-28 21:03:04",""
"Okona","profilesGate","","tvui","2025-05-28 21:02:39",""
"Okona","movieDetails","","tvui","2025-05-28 20:14:19",""
"Okona","profilesGate","","tvui","2025-05-28 20:14:19",""
"Okona","playback","","tvui","2025-05-28 19:44:18",""
"Okona","movieDetails","","tvui","2025-05-28 19:44:18",""
"Okona","movieDetails","","tvui","2025-05-28 18:55:32",""
"Okona","playback","","tvui","2025-05-28 18:55:32",""
"Okona","browseTitles","","tvui","2025-05-28 18:55:30",""
"Okona","movieDetails","","tvui","2025-05-28 18:55:30",""
"Okona","profilesGate","","tvui","2025-05-28 18:55:10",""
"Okona","profilesGate","","tvui","2025-05-28 18:55:10",""
"Okona","browseTitles","","tvui","2025-05-28 18:55:10",""
"Okona","profilesGate","","tvui","2025-05-28 18:54:48",""
"Okona","profilesGate","","tvui","2025-05-27 19:41:37",""
"Okona","profilesGate","","tvui","2025-05-22 19:30:08",""
"Okona","movieDetails","","tvui","2025-05-22 19:30:08",""
"Okona","playback","","tvui","2025-05-22 19:00:08",""
"Okona","movieDetails","","tvui","2025-05-22 19:00:08",""
"Okona","movieDetails","","tvui","2025-05-22 18:37:29",""
"Okona","playback","","tvui","2025-05-22 18:37:29",""
"Okona","search","","tvui","2025-05-22 18:37:26",""
"Okona","movieDetails","","tvui","2025-05-22 18:37:26",""
"Okona","browseTitles","","tvui","2025-05-22 18:37:14",""
"Okona","search","","tvui","2025-05-22 18:37:14",""
"Okona","browseTitles","","tvui","2025-05-22 18:37:09",""
"Okona","profilesGate","","tvui","2025-05-22 18:37:09",""
"Henri","search","","tvui","2025-05-22 18:37:04",""
"Henri","profilesGate","","tvui","2025-05-22 18:37:04",""
"Henri","movieDetails","","tvui","2025-05-22 18:36:59",""
"Henri","search","","tvui","2025-05-22 18:36:59",""
"Henri","search","","tvui","2025-05-22 18:36:57",""
"Henri","movieDetails","","tvui","2025-05-22 18:36:57",""
"Henri","browseTitles","","tvui","2025-05-22 18:36:20",""
"Henri","search","","tvui","2025-05-22 18:36:20",""
"Henri","movieDetails","","tvui","2025-05-22 18:36:00",""
"Henri","browseTitles","","tvui","2025-05-22 18:36:00",""
"Henri","postPlay","","tvui","2025-05-22 18:35:19",""
"Henri","movieDetails","","tvui","2025-05-22 18:35:19",""
"Henri","playback","","tvui","2025-05-22 18:35:18",""
"Henri","postPlay","","tvui","2025-05-22 18:35:18",""
"Henri","postPlay","","tvui","2025-05-22 18:35:16",""
"Henri","playback","","tvui","2025-05-22 18:35:16",""
"Henri","playback","","tvui","2025-05-22 18:35:11",""
"Henri","postPlay","","tvui","2025-05-22 18:35:11",""
"Henri","movieDetails","","tvui","2025-05-22 18:25:18",""
"Henri","playback","","tvui","2025-05-22 18:25:18",""
"Henri","playback","","tvui","2025-05-22 18:25:01",""
"Henri","movieDetails","","tvui","2025-05-22 18:25:01",""
"Henri","episodesSelector","","tvui","2025-05-22 17:50:58",""
"Henri","playback","","tvui","2025-05-22 17:50:58",""
"Henri","movieDetails","","tvui","2025-05-22 17:50:17",""
"Henri","episodesSelector","","tvui","2025-05-22 17:50:17",""
"Henri","playback","","tvui","2025-05-22 17:50:14",""
"Henri","movieDetails","","tvui","2025-05-22 17:50:14",""
"Henri","movieDetails","","tvui","2025-05-22 17:49:37",""
"Henri","playback","","tvui","2025-05-22 17:49:37",""
"Henri","browseTitles","","tvui","2025-05-22 17:49:31",""
"Henri","movieDetails","","tvui","2025-05-22 17:49:31",""
"Henri","profilesGate","","tvui","2025-05-22 17:48:49",""
"Henri","browseTitles","","tvui","2025-05-22 17:48:49",""
