"Profile Name","Esn","Profile First Playback Date For User Generated Plays","Deactivation Time","Acct Last Playback Date For User Generated Plays","Acct Last Playback Date","Profile Last Playback Date For User Generated Plays","Acct First Playback Date For User Generated Plays","Profile First Playback Date","Profile Last Playback Date","Device Type","Acct First Playback Date"
"Henri","NFCDCH-LX-MDXC4KMK7KHHH1A1N2WG8HTHP5X27R","","","","","","","","","Netflix Chrome Linux (Cadmium) HTML 5",""
"Henri","NFANDROID2-PRV-SABRINA-GOOGLCHROMECAST-27454-F2BCA5EA90981CD4549AC593D8D2AE8ADC81A80B2A7258BFAAFB383EFAE3A466","2023-04-28 11:16:17","","2025-08-23 19:39:23","2025-08-23 23:19:34","2025-08-23 19:39:23","2023-04-28 11:16:17","2023-04-27 10:49:07","2025-08-23 23:19:34","Google Sabrina ATV Set Top Box","2023-04-27 10:49:07"
"Henri","NFAPPL-02-IPHONE14=3-C14DEDDF04502E8393858FB4AE2A61AE6AC756C08ADD4902B62DAF653068717C","","","","2025-06-28 01:55:53","","","2025-02-25 18:35:15","2025-06-28 01:55:53","Apple iPhone 13 Pro Max","2025-02-25 18:35:15"
"Henri","NFCDSF-PH-M5VMJTR1G4M05C78DLPV1YP9J02JL2","","","","","","","","","Netflix iPhone-Safari iPhone",""
"Henri","NFCDCH-LX-M3YEPAQMVPWAJMPEY8D6H8F7PLXQU1","","","","2025-06-12 15:16:18","","","2025-06-12 15:16:18","2025-06-12 15:16:18","Netflix Chrome Linux (Cadmium) HTML 5","2025-06-12 15:16:18"
"Henri","NFCDCH-AP-M2GTVV1U6UK8L16MWRPWDR3DW1ET2T","","","","","","","","","Netflix Android Phone-Chrome Android Phone",""
"Henri","NFANDROID1-PRV-P-L3-GOOGLPIXEL=9=PRO=XL-33098-03A1C850C971DD497B5AB25B4AFDC3F1D2762E570F7A33D7FFFA796D509149A13","","","","","","","","","Android DefaultWidevineL3Phone Android Phone",""
"Henri","NFANDROID1-PRV-P-GOOGLPIXEL=9=PRO=XL-33087-773F8EE358B7E28C340B051D54F3106881695318702330A5556C12E90DB96198","","","","2025-04-26 19:02:40","","","2024-12-09 00:30:32","2025-04-26 19:02:40","DefaultWidevineAndroidPhone","2024-12-09 00:30:32"
"Henri","NFAPPL-01-IPAD13=8-8648D16745C548071718BB7972FDFABBABFC8A30635883C5103D0254F2F94CF5","","","","2025-03-22 13:45:03","","","2023-11-15 03:46:40","2025-03-22 13:45:03","Apple iPad Pro 12.9 in 5th Gen (Wi-Fi) iPad","2023-11-15 03:46:40"
"Henri","NFCDCH-LX-LXX7M4R6F9R79YTMKVGTGVKLC2DYYN","","","","2025-03-22 11:49:06","","","2025-03-22 11:27:24","2025-03-22 11:49:06","Netflix Chrome Linux (Cadmium) HTML 5","2025-03-22 11:27:24"
"Henri","NFAPPL-01-IPAD13=8-6IZZQIVJSU4BQOA5WZVJUHUNU7YNN52L6XA5STXCNULG7LUO5SOQ","","","","","","","","","Apple iPad Pro 12.9 in 5th Gen (Wi-Fi) iPad",""
"Henri","NFCDCH-LX-L35FD1T53KU4N1HETF3TXGLEWUM3JR","","","","2024-10-29 16:27:14","","","2024-10-29 16:27:14","2024-10-29 16:27:14","Netflix Chrome Linux (Cadmium) HTML 5","2024-10-29 16:27:14"
"Henri","NFCDCH-LX-LFP0GWCD11U52R788FJ8AFXQD2GD1L","","","","","","","","","Netflix Chrome Linux (Cadmium) HTML 5",""
"Henri","NFANDROID1-PRV-P-GOOGLPIXEL=6-26754-458FDCA8ABF7C1EFBB8D213AF5DB8E84BE74CFAD2159F4556AB0F0B5E7AAD4E6","","","","2024-08-07 09:17:34","","","2024-08-07 08:39:57","2024-08-07 09:17:34","DefaultWidevineAndroidPhone","2024-08-07 08:39:57"
"Henri","NFCDCH-01-L02HKU92EK0D9JR4TAUDCWWJVXVWFW","","","","","","","","","Chrome OS (Cadmium)",""
"Henri","NFANDROID1-PRV-P-GOOGLPIXEL=7=PRO-26925-7CC85870EDF99CB00D7A3D09FA7CCA8E7D93CCE6624F6C2220858565677A3C17","","","","2024-02-24 13:54:12","","","2023-11-04 18:26:32","2024-02-24 13:54:12","DefaultWidevineAndroidPhone","2023-11-04 18:26:32"
"Henri","NFPS5-001-PCMDJVPP035F32Q6Z2KF6QQ5K4","2024-02-24 13:20:29","","2024-02-24 13:20:29","2024-02-24 13:20:29","2024-02-24 13:20:29","2024-02-24 13:20:29","2024-02-24 13:20:29","2024-02-24 13:20:29","Sony PS5","2024-02-24 13:20:29"
"Henri","NFCDCH-MC-JTG2FD84LRP33WM372K96DR073TYMD","","","","2023-11-21 23:44:25","","","2022-12-12 20:07:17","2023-11-21 23:44:25","Netflix Chrome MAC (Cadmium) HTML 5","2022-12-12 20:07:17"
"Henri","NFANDROID1-PRV-P-GOOGLPIXEL=7=PRO-26925-5CD4FB1D20AF43DBFCC9F563CBC55D24EB55BC42A700D24BC85DF853AF4ECB69","","","","2023-10-22 23:08:24","","","2022-11-24 18:25:10","2023-10-22 23:08:24","DefaultWidevineAndroidPhone","2022-11-24 18:25:10"
"Henri","NFANDROID1-PRV-P-L3-GOOGLPIXEL=7=PRO-28613-03AB961F429E410A9012F4B11C63DE9132A0689AF2E7F63685B4922FA4E277258","","","","","","","","","Android DefaultWidevineL3Phone Android Phone",""
"Henri","NFAPPL-01-IPAD13=8-XE4WQ4CU6MIS4VSZNUDTN4NY37XCSTJJPIU2JKAVZD7VRRUQDWDA","","","","","","","","","Apple iPad Pro 12.9 in 5th Gen (Wi-Fi) iPad",""
"Henri","NFANDROID2-PRV-SABRINA-GOOGLCHROMECAST-21670-F2BCA5EA90981CD4549AC593D8D2AE8ADC81A80B2A7258BFAAFB383EFAE3A466","2023-01-01 11:51:06","","2023-04-20 11:35:16","2023-04-26 10:23:59","2023-04-20 11:35:16","2023-01-01 11:51:06","2022-03-31 20:22:49","2023-04-26 10:23:59","Google Sabrina ATV Set Top Box","2022-03-31 20:22:49"
"Henri","NFANDROID1-PRV-P-L3-GOOGLPIXEL=7=PRO-22594-0EA90D578F02CAD9FE6F5B2C1BEB126F698F57BF06529A8431BD6D5AC28A83933","","","","","","","","","Android DefaultWidevineL3Phone Android Phone",""
"Henri","GOOGEST0010000000000000004067884","","","","2023-02-12 07:56:54","","","2023-01-29 18:38:23","2023-02-12 07:56:54","Google Smart Display Nest Hub 2018","2023-01-29 18:38:23"
"Henri","NFCDCH-AP-JXEH1P4LEMNWV9FL1VUPJK86GJ1REY","","","","","","","","","Netflix Android Phone-Chrome Android Phone",""
"Henri","NFCDCH-MC-JDGU02V9G7ULQJFVUCWCVJVWAGG3GK","","","","2022-12-10 22:02:06","","","2022-08-10 17:52:48","2022-12-10 22:02:06","Netflix Chrome MAC (Cadmium) HTML 5","2022-08-10 17:52:48"
"Henri","NFCDCH-LX-JT1X8A23GJHKENPR58JP36Q9U5HR6R","","","","","","","","","Netflix Chrome Linux (Cadmium) HTML 5",""
"Henri","NFCDCH-01-HQ62YAPJPXJJCVY1X5ACR0W2V7341R","","","","2022-10-31 15:05:25","","","2021-12-15 17:48:28","2022-10-31 15:05:25","Chrome OS (Cadmium)","2021-12-15 17:48:28"
"Henri","NFANDROID2-PRV-FIRETVSTICK2021-AMAZOAFTKA-20778-E5F6C5A1ED18A6AAC3FB10F423D02B8141C3E8622887D4C0BDAEFEFE984882FD","","","","2022-10-28 20:50:33","","","2022-10-11 10:34:47","2022-10-28 20:50:33","Amazon FIRETVSTICK2021 Streaming Stick","2022-10-11 10:34:47"
"Henri","NFANDROID1-PRV-P-GOOGLPIXEL=7=PRO-26925-02DBE7A361A6EF47AC944FD96E13A8C6E10FAC5B5EDB8577B92244B10EEE60F95","","","","2022-10-28 11:43:54","","","2022-10-28 11:39:34","2022-10-28 11:43:54","DefaultWidevineAndroidPhone","2022-10-28 11:39:34"
"Henri","NFCDCH-AP-JN1FMF23PY2F7WRKDUPTWR37C9RC05","","","","","","","","","Netflix Android Phone-Chrome Android Phone",""
"Henri","NFANDROID2-PRV-FBXBG02A-FREEBFREEBOX=PLAYER=POP-15972-0146C51B454406016AD380D16AA138BF6EAA07A817F19A5C5F7603B2D6B6375C","","","","2022-10-08 17:13:38","","","2022-08-16 08:30:59","2022-10-08 17:13:38","Freebox - SEI Robotics FBXBG02A MVPD STB","2022-08-16 08:30:59"
"Henri","NFANDROID1-PRV-P-GOOGLPIXEL=4=XL-24137-08B3DF926F3EB252A55D6ECFD8245CE3474F0618EE73066F5F3DC49E86BD304C5","","","","2022-07-05 20:11:38","","","2022-07-05 20:08:53","2022-07-05 20:11:38","DefaultWidevineAndroidPhone","2022-07-05 20:08:53"
"Henri","NFCDCH-MC-HW1RQUU9W3MFERUM3VGDEDXM1D1QQN","","","","2022-06-20 17:50:09","","","2022-05-02 17:54:44","2022-06-20 17:50:09","Netflix Chrome MAC (Cadmium) HTML 5","2022-05-02 17:54:44"
"Henri","GOOGLUT0010000000000000005384846","","","","","","","","","Google Chromecast V4 Streaming Stick",""
"Henri","NFANDROID3-PRV-0-OCULUQUEST-17676-F823D1307EF5F87AB6A8A857BDE42D93D7A8A8B1360A1E579EE755EC0C0CE1BE","","","","","","","","","Netflix Oculus VR Android Phone",""
"Henri","NFANDROID1-PRV-P-L3-GOOGLPIXEL=4=XL-22594-0C2D77BD3F57A985E88AF6DB9BBD0F62F8CBED6C4EFA97891FFCA35C641E4FCB1","","","","","","","","","Android DefaultWidevineL3Phone Android Phone",""
"Henri","GOOGLUT0010000000000000002725465","","","","","","","","","Google Chromecast V4 Streaming Stick",""
"Henri","GOOGLUT0010000000000000002959741","","","","","","","","","Google Chromecast V4 Streaming Stick",""
"Okona","NFANDROID2-PRV-SABRINA-GOOGLCHROMECAST-27454-F2BCA5EA90981CD4549AC593D8D2AE8ADC81A80B2A7258BFAAFB383EFAE3A466","2023-09-02 10:28:30","","2025-08-23 19:39:23","2025-08-23 23:19:34","2025-08-23 19:39:23","2023-04-28 11:16:17","2023-08-25 19:06:04","2025-08-23 23:19:34","Google Sabrina ATV Set Top Box","2023-04-27 10:49:07"
"Istiliguiliguili","NFANDROID2-PRV-SABRINA-GOOGLCHROMECAST-27454-F2BCA5EA90981CD4549AC593D8D2AE8ADC81A80B2A7258BFAAFB383EFAE3A466","","","2025-08-23 19:39:23","2025-08-23 23:19:34","","2023-04-28 11:16:17","2025-04-07 18:16:40","2025-07-06 19:05:53","Google Sabrina ATV Set Top Box","2023-04-27 10:49:07"
"Istiliguiliguili","NFAPPL-02-IPHONE14=3-C14DEDDF04502E8393858FB4AE2A61AE6AC756C08ADD4902B62DAF653068717C","","","","2025-06-28 01:55:53","","","2025-02-25 18:35:15","2025-06-28 01:55:53","Apple iPhone 13 Pro Max","2025-02-25 18:35:15"
"Okona","NFCDCH-LX-L35FD1T53KU4N1HETF3TXGLEWUM3JR","","","","2024-10-29 16:27:14","","","2024-10-29 16:27:14","2024-10-29 16:27:14","Netflix Chrome Linux (Cadmium) HTML 5","2024-10-29 16:27:14"
"Okona","NFPS5-001-PCMDJVPP035F32Q6Z2KF6QQ5K4","2024-02-24 13:20:29","","2024-02-24 13:20:29","2024-02-24 13:20:29","2024-02-24 13:20:29","2024-02-24 13:20:29","2024-02-24 13:20:29","2024-02-24 13:20:29","Sony PS5","2024-02-24 13:20:29"
"Okona","NFAPPL-01-IPAD13=8-8648D16745C548071718BB7972FDFABBABFC8A30635883C5103D0254F2F94CF5","","","","2025-03-22 13:45:03","","","2024-02-24 13:17:45","2024-02-24 13:17:45","Apple iPad Pro 12.9 in 5th Gen (Wi-Fi) iPad","2023-11-15 03:46:40"
"Okona","NFANDROID1-PRV-P-GOOGLPIXEL=7=PRO-26925-7CC85870EDF99CB00D7A3D09FA7CCA8E7D93CCE6624F6C2220858565677A3C17","","","","2024-02-24 13:54:12","","","2023-11-04 18:26:32","2023-11-04 18:26:43","DefaultWidevineAndroidPhone","2023-11-04 18:26:32"
"Papa","NFCDCH-01-HQ62YAPJPXJJCVY1X5ACR0W2V7341R","","","","2022-10-31 15:05:25","","","2021-12-15 17:48:28","2022-10-31 15:05:25","Chrome OS (Cadmium)","2021-12-15 17:48:28"
"Papa","NFCDCH-02-EC7YUNNA92VPXK9R2HEG9VDFKNYD2U","2018-03-23 10:04:30","","2019-07-21 19:39:51","2021-10-21 13:15:19","2019-07-21 19:39:51","2018-03-23 10:04:30","2018-03-22 18:56:08","2021-10-21 13:15:19","Chrome PC (Cadmium)","2018-03-22 18:56:08"
"Papa","NFAPPL-02-IPHONE8=2-FDCB30C4A23F2794A59F665D0BA8A1287785FA2B4D5E50A8571A8DAB7CD72B63","","","","2020-07-28 16:13:17","","","2016-01-25 18:43:40","2020-07-28 16:13:17","Apple iPhone 6s Plus","2016-01-25 18:43:40"
"Papa","NFAPPL-03-APPLETV3=2-3CB44BFF21493AAEA12D9C33DD7A4F2745915EC80EF4CA37BEDE36921DB13A5D","","","","2020-03-23 15:42:21","","","2015-12-15 21:42:54","2020-03-23 15:42:21","Apple TV 3 (revised)","2015-12-15 21:42:54"
"Papa","NFANDROID2-PRV-BROOKLYNTV-ARCADBOUYGTEL4K-6715-FFA830857080570CFC9FC8C81DB8F7F7348268B4FB8F4CB1A59905C295B23C27","2019-12-29 18:25:17","","2019-12-29 18:25:17","2019-12-29 18:25:17","2019-12-29 18:25:17","2019-12-29 18:25:17","2019-12-29 18:23:38","2019-12-29 18:25:17","Bouygues Telecom BrooklynTV MVPD STB","2019-12-29 18:23:38"
"Papa","NFANDROID2-PRV-FIRETVSTICK2016-AMAZOAFTT-6590-2116A9D14E0E4B57F1E3BFB8B3BFA5D39D2C4ED3911C32B0054754102B601622","2019-05-20 16:17:13","","2019-05-20 16:17:13","2019-06-09 19:42:30","2019-05-20 16:17:13","2019-05-20 16:17:13","2019-05-20 16:17:13","2019-06-09 19:42:30","FireTV Stick 2016","2019-05-20 16:17:13"
"À voir ensemble","NFCDCH-02-EC7YUNNA92VPXK9R2HEG9VDFKNYD2U","2019-03-23 18:32:01","","2019-07-21 19:39:51","2021-10-21 13:15:19","2019-03-23 18:32:01","2018-03-23 10:04:30","2019-03-23 18:32:01","2019-03-23 18:32:01","Chrome PC (Cadmium)","2018-03-22 18:56:08"
"Papa","GOOGCAP0010000000000000004706370","","","","2019-01-27 10:01:15","","","2019-01-27 10:01:15","2019-01-27 10:01:15","Google Chromecast V5 Streaming Stick","2019-01-27 10:01:15"
"Papa","NFAPPL-01-IPAD2=1-DA3D87876585D670FE2215477A0A3B83C02C87B3F9192DF9073D8447B6E2CE62","","","","2017-02-09 21:34:57","","","2015-11-09 19:14:46","2017-02-09 21:34:57","Apple iPad 2 WiFi","2015-11-09 19:14:46"
"Papa","NFWPH-081-1QRUWNR6Y9FJWK6G91JRR","","","","2016-09-15 16:24:46","","","2016-08-13 09:29:24","2016-09-15 16:24:46","Netflix Windows Mobile 8 Windows 8","2016-08-13 09:29:24"
"Papa","NFPS4-001-X6TGN14NVZTK0U3Q40EWFHCW74","2016-08-28 14:33:57","","2016-08-29 19:50:28","2016-08-29 20:15:57","2016-08-29 19:50:28","2016-08-28 14:33:57","2016-08-28 14:33:57","2016-08-29 20:15:57","Sony PS4","2016-08-28 14:33:57"
"Henri","NFCDCH-AP-LVW2GY3KKE3JTRF6KYMMLR4XKYC365","","2025-02-25 18:23:49","","","","","","","Netflix Android Phone-Chrome Android Phone",""
